path,line,lookup,policy,role
"apps/mobile/src/client/hooks.ts","131","pool.row('mobileSessionReader', 'reader')","omitGone","production/support"
"apps/mobile/src/client/hooks.ts","140","pool.row('mobileScreenReader', 'reader')","omitGone","production/support"
"apps/mobile/src/client/hooks.ts","175","pool.row('mobileScreenReader', 'reader')","omitGone","production/support"
"apps/mobile/src/client/mobile-pool-idle.test.tsx","59","pool?.row('mobileSessionReader', 'reader')","omitGone","test/control"
"apps/mobile/src/client/mobile-pool.test.tsx","327","alice.pool!.row('preference', key)","omitGone","test/control"
"apps/mobile/src/client/test-support.tsx","314","pool.row(kind, kind === 'commandCatalog' ? 'catalog' : 'reader')","omitGone","production/support"
"apps/mobile/src/client/use-issue-model.ts","41","pool.row('repo', id)","omitGone","production/support"
"apps/mobile/src/client/use-issue-model.ts","63","pool?.row('issue', targetId, 'summary-fields')","omitGone","production/support"
"apps/mobile/src/client/use-session-context.test.tsx","518","enabled.pool().row('session', 'synthetic-session-11', 'summary')","explicit branch / assertion / demand","test/control"
"apps/mobile/src/client/use-session-context.test.tsx","550","enabled.pool().row('mobileSessionReader', 'reader')","explicit branch / assertion / demand","test/control"
"apps/mobile/src/client/use-session-context.ts","24","pool.row('mobileSessionReader', 'reader')","omitGone","production/support"
"apps/mobile/src/client/use-session-context.ts","92","pool.row('mobileSessionReader', 'reader')","omitGone","production/support"
"apps/mobile/src/client/use-session-context.ts","229","pool.row('mobileSessionReader', 'reader')","omitGone","production/support"
"apps/mobile/src/components/IssueTargetSheet.tsx","116","pool.row('issue', id, 'summary-fields')","omitGone","production/support"
"apps/mobile/src/components/IssueTargetSheet.tsx","122","pool.row('repo', row.repoId)","omitGone","production/support"
"apps/mobile/src/components/open-launcher-work.test.tsx","100","attached.row('repository', JSON.stringify(['mine', data.repos[0]!.path]))","explicit branch / assertion / demand","test/control"
"apps/mobile/src/hooks/mobile-preferences.test.tsx","262","pool.row('preference', key)","omitGone","test/control"
"apps/mobile/src/hooks/mobile-preferences.ts","8","pool.row('preference', key)","omitGone","production/support"
"apps/mobile/src/lib/phone-shared-data.test.ts","78","f.pool.model('issue', 'a')","here","test/control"
"apps/mobile/src/lib/pool-work-menu.ts","38","pool.row('issue', id)","omitGone","production/support"
"apps/mobile/src/lib/pool-work-menu.ts","40","pool.model('issue', id)","here","production/support"
"apps/mobile/src/screens/IssuesScreen.tsx","606","issue.row","here","production/support"
"apps/mobile/src/screens/SessionScreen.menu.test.tsx","159","pool.row('issue', vesselId)","omitGone","test/control"
"apps/mobile/src/screens/SessionScreen.menu.test.tsx","371","attached.row('mobileSessionReader', 'reader')","omitGone","test/control"
"apps/mobile/src/screens/WorkListRow.tsx","430","pool.model('worktree', item.id)","here","production/support"
"apps/mobile/src/screens/WorkScreen.tsx","149","pool.row('commandWindow', 'window')","omitGone","production/support"
"apps/mobile/src/screens/mobile-screens.pool.test.tsx","606","pool.row('session', id, 'summary')","omitGone","test/control"
"apps/mobile/src/screens/settings-readers.test.ts","75","f.pool.row('mobileSettingsDiagnostics', 'diagnostics')","omitGone","test/control"
"apps/mobile/src/screens/settings-readers.test.ts","76","f.pool.row('mobileSettingsDiagnostics', 'diagnostics')","omitGone","test/control"
"apps/mobile/src/screens/settings-readers.test.ts","81","f.pool.row('mobileSettingsDiagnostics', 'diagnostics')","omitGone","test/control"
"apps/mobile/src/screens/settings-readers.test.ts","90","f.pool.row('mobileSettingsDiagnostics', 'diagnostics')","omitGone","test/control"
"apps/mobile/src/screens/settings-readers.test.ts","99","pool.row('mobileSettingsDiagnostics', 'diagnostics')","omitGone","test/control"
"apps/mobile/src/screens/settings-readers.test.ts","116","f.pool.row('mobileSettingsDiagnostics', 'diagnostics')","omitGone","test/control"
"apps/mobile/src/screens/settings-readers.test.ts","122","f.pool.row('mobileSettingsDiagnostics', 'diagnostics')","omitGone","test/control"
"apps/mobile/src/screens/settings-readers.ts","46","pool.row('settingsCatalog', 'catalog')","omitGone","production/support"
"apps/mobile/src/screens/settings-readers.ts","53","pool.row('settingsMachine', id)","omitGone","production/support"
"apps/mobile/src/screens/settings-readers.ts","94","pool.row('settingsMachine', id)","omitGone","production/support"
"apps/mobile/src/screens/settings-readers.ts","117","pool.row('mobileSettingsDiagnostics', 'diagnostics')","omitGone","production/support"
"apps/mobile/src/screens/settings-readers.ts","118","pool.row('window', 'window')","omitGone","production/support"
"apps/mobile/src/screens/settings-readers.ts","119","pool.row('noticeCatalog', 'catalog')","omitGone","production/support"
"apps/mobile/test/legacy-mobile-inbox.ts","45","pool.row('issue', id, 'summary')","omitGone","test/control"
"apps/mobile/test/legacy-mobile-inbox.ts","53","pool.row('issue', parentId, 'summary')","omitGone","test/control"
"apps/mobile/test/legacy-mobile-inbox.ts","69","pool.row('mobileInboxState', 'state')","omitGone","test/control"
"apps/mobile/test/legacy-mobile-inbox.ts","83","pool.row('session', id, 'summary')","omitGone","test/control"
"apps/mobile/test/legacy-mobile-inbox.ts","90","pool.row('session', id)","omitGone","test/control"
"apps/mobile/test/legacy-mobile-inbox.ts","104","pool.row('window', 'window')","omitGone","test/control"
"apps/mobile/test/legacy-pool-work-menu.ts","29","pool.issue(id)","here","test/control"
"apps/mobile/test/legacy-pool-work-menu.ts","30","pool.row('issue', id)","omitGone","test/control"
"apps/mobile/test/pool-board-fixture.ts","71","pool.row('mobileScreenReader', 'reader')","omitGone","test/control"
"apps/web/harness/board-control.ts","85","pool.row('issueExplorerModel', JSON.stringify({ tab: pickedTab, query }))","omitGone","production/support"
"apps/web/harness/header-scan-control.ts","17","pool.row('session', id, 'mark')","omitGone","production/support"
"apps/web/harness/header-scan-control.ts","18","pool.row('session', id, 'summary')","omitGone","production/support"
"apps/web/harness/issue-board.browser.tsx","144","pool.row('issueBoardWindow', 'current')","omitGone","test/control"
"apps/web/src/app/FlightDeck.pool.test.tsx","266","pool.row('worktree', '/catalog-only')","omitGone","test/control"
"apps/web/src/app/automation-readers.test.tsx","296","pool.row('automationCatalog', 'catalog')","omitGone","test/control"
"apps/web/src/app/automation-readers.test.tsx","299","pool.row('automation', id)","omitGone","test/control"
"apps/web/src/app/automation-readers.test.tsx","302","pool.row('automationRun', runId)","omitGone","test/control"
"apps/web/src/app/command-launch-data.ts","135","pool.row('chatContextReader', 'reader')","omitGone","production/support"
"apps/web/src/app/command-launch-readers.ts","16","pool.row('commandWindow', 'window')","omitGone","production/support"
"apps/web/src/app/header-data.ts","98","pool.row('machine', id)","omitGone","production/support"
"apps/web/src/app/legacy-store-idle.test.tsx","99","pool?.row('shellWindow', 'window')","omitGone","test/control"
"apps/web/src/app/open-launcher-work.test.tsx","93","attached.row('commandRepository', JSON.stringify(['host-one', '/synthetic/project']))","explicit branch / assertion / demand","test/control"
"apps/web/src/app/pool-navigation-provider.test.ts","776","handle.pool.row('issue', target)","omitGone","test/control"
"apps/web/src/app/preference-consumers.pool.test.tsx","221","pool.row('preference', SHELL_DENSITY_KEY)","omitGone","test/control"
"apps/web/src/app/shell-data.ts","70","pool?.row('shellWindow', 'window')","omitGone","production/support"
"apps/web/src/app/workspace-inputs.test.tsx","128","f.pool.row('session', 'unvisited-0', 'mark')","omitGone","test/control"
"apps/web/src/app/workspace-inputs.ts","38","pool.row('session', id, 'mark')","omitGone","production/support"
"apps/web/src/app/workspace-inputs.ts","40","pool.row('session', id)","omitGone","production/support"
"apps/web/src/app/workspace-inputs.ts","42","pool.row('session', id, 'summary-fields')","omitGone","production/support"
"apps/web/src/components/RefMiniview.tsx","125","pool.row('issue', id)","omitGone","production/support"
"apps/web/src/components/ref-miniview-readers.before.test.fixture.ts","26","pool.row('issue', next)","omitGone","test/control"
"apps/web/src/components/ref-miniview-readers.before.test.fixture.ts","52","pool.row('session', id, 'summary-fields')","omitGone","test/control"
"apps/web/src/components/ref-miniview-readers.ts","11","pool.row('session', id, 'summary-fields')","omitGone","production/support"
"apps/web/src/components/ref-miniview-readers.ts","33","pool.row('issue', id)","omitGone","production/support"
"apps/web/src/features/chat/chat-context.pool.test.tsx","163","corpus.pool.row('chatDraft', corpus.sessions[0]!.sessionId)","omitGone","test/control"
"apps/web/src/features/chat/chat-context.pool.test.tsx","164","corpus.pool.row('chatHeld', corpus.sessions[0]!.sessionId)","omitGone","test/control"
"apps/web/src/features/chat/chat-context.pool.test.tsx","185","corpus.pool.row('sessionExit', id)","omitGone","test/control"
"apps/web/src/features/chat/chat-context.pool.test.tsx","186","corpus.pool.row('sessionExit', id)","omitGone","test/control"
"apps/web/src/features/chat/chat-context.pool.test.tsx","190","corpus.pool.row('sessionExit', id)","omitGone","test/control"
"apps/web/src/features/chat/chat-context.pool.test.tsx","193","corpus.pool.row('sessionExit', id)","omitGone","test/control"
"apps/web/src/features/chat/chat-context.pool.test.tsx","196","corpus.pool.row('sessionExit', id)","omitGone","test/control"
"apps/web/src/features/chat/chat-context.pool.test.tsx","199","corpus.pool.row('sessionExit', id)","omitGone","test/control"
"apps/web/src/features/chat/chat-context.pool.test.tsx","205","corpus.pool.row('sessionExit', id)","omitGone","test/control"
"apps/web/src/features/chat/chat-context.pool.test.tsx","221","corpus.pool.row('session', corpus.sessions[1]!.sessionId, 'summary')","omitGone","test/control"
"apps/web/src/features/chat/chat-context.pool.test.tsx","224","corpus.pool.row('chatHeld', corpus.sessions[0]!.sessionId)","omitGone","test/control"
"apps/web/src/features/chat/chat-context.pool.test.tsx","281","corpus.pool.row('noticeSession', corpus.sessions[0]!.sessionId)","omitGone","test/control"
"apps/web/src/features/chat/chat-context.pool.test.tsx","311","corpus.pool.row('noticeSession', corpus.sessions[0]!.sessionId)","omitGone","test/control"
"apps/web/src/features/chat/chat-view-model.ts","56","pool.row('session', this.conversation.sessionId)","omitGone","production/support"
"apps/web/src/features/chat/chat-view-model.ts","59","pool.model('session', this.conversation.sessionId)","here","production/support"
"apps/web/src/features/chat/chat-view-model.ts","62","this.conversation.pool.row('sessionExit', this.conversation.sessionId)","omitGone","production/support"
"apps/web/src/features/chat/chat-view-model.ts","156","this.conversation.pool.row('chatContextReader', 'reader')","omitGone","production/support"
"apps/web/src/features/chat/chat-view-model.ts","162","this.conversation.pool.row('chatContextReader', 'reader')","omitGone","production/support"
"apps/web/src/features/chat/chat-view-model.ts","172","pool.row('machine', id)","omitGone","production/support"
"apps/web/src/features/chat/chat-view-model.ts","180","pool.row('chatWindow', 'window')","omitGone","production/support"
"apps/web/src/features/chat/chat-view-model.ts","183","pool.model('session', id)","here","production/support"
"apps/web/src/features/chat/chat-view-model.ts","191","this.conversation.pool.row('chatWindow', 'window')","omitGone","production/support"
"apps/web/src/features/chat/chat-view-model.ts","221","this.conversation.pool.model('issue', id)","here","production/support"
"apps/web/src/features/chat/test-support/conversation-ports.ts","30","pool.row('chatContextReader', 'reader')","omitGone","production/support"
"apps/web/src/features/chat/test-support/conversation-ports.ts","31","pool.row('chatHeld', id)","omitGone","production/support"
"apps/web/src/features/chat/test-support/conversation-ports.ts","33","pool.row('chatDraft', id)","omitGone","production/support"
"apps/web/src/features/chat/use-chat-context.ts","18","pool.row('chatContextReader', 'reader')","omitGone","production/support"
"apps/web/src/features/chat/use-chat-context.ts","34","pool.row('sessionExit', id)","omitGone","production/support"
"apps/web/src/features/chat/use-chat-context.ts","67","pool.row('chatDraft', id)","omitGone","production/support"
"apps/web/src/features/chat/use-chat-context.ts","75","pool.row('chatWindow', 'window')","omitGone","production/support"
"apps/web/src/features/chat/use-chat-context.ts","84","pool.row('chatContextReader', 'reader')","omitGone","production/support"
"apps/web/src/features/chat/use-chat-context.ts","95","pool.row('chatContextReader', 'reader')","omitGone","production/support"
"apps/web/src/features/chat/use-chat-context.ts","108","pool?.row('chatContextReader', 'reader')","omitGone","production/support"
"apps/web/src/features/chat/use-chat-context.ts","117","pool.row('chatContextReader', 'reader')","omitGone","production/support"
"apps/web/src/features/chat/use-chat-context.ts","124","pool.row('chatContextReader', 'reader')","omitGone","production/support"
"apps/web/src/features/chat/use-chat-context.ts","131","pool.row('chatContextReader', 'reader')","omitGone","production/support"
"apps/web/src/features/chat/use-chat-context.ts","143","pool.row('superThread', id)","omitGone","production/support"
"apps/web/src/features/chat/use-conversation.ts","56","this.pool.row('superThread', this.mount.superThread.threadId)","omitGone","production/support"
"apps/web/src/features/chat/use-conversation.ts","59","this.pool.row('chatContextReader', 'reader')","omitGone","production/support"
"apps/web/src/features/chat/use-conversation.ts","60","this.pool.row('chatHeld', this.sessionId)","omitGone","production/support"
"apps/web/src/features/chat/use-conversation.ts","72","pool.row('chatContextReader', 'reader')","omitGone","production/support"
"apps/web/src/features/chat/use-conversation.ts","74","pool.row('chatHeld', sessionId)","omitGone","production/support"
"apps/web/src/features/chat/use-conversation.ts","173","pool.row('chatContextReader', 'reader')","omitGone","production/support"
"apps/web/src/features/chat/use-conversation.ts","174","pool.row('chatHeld', sessionId)","omitGone","production/support"
"apps/web/src/features/files/file-viewer-pool.test.tsx","108","pool.row('preference', key)","omitGone","test/control"
"apps/web/src/features/issues/IssuePage.pool-parity.test.tsx","606","pool.row('issue', issue.id)","omitGone","test/control"
"apps/web/src/features/issues/LaunchBox.tsx","56","pool.model('issue', id)","here","production/support"
"apps/web/src/features/issues/board-pool-data.ts","26","pool.row('issueBoardWindow', 'current')","omitGone","production/support"
"apps/web/src/features/issues/board-pool-data.ts","44","pool.row('issueBoardColumn', key)","omitGone","production/support"
"apps/web/src/features/issues/board-pool-data.ts","55","pool.row('issueBoardOpenIds', key)","omitGone","production/support"
"apps/web/src/features/issues/board-pool-data.ts","62","pool.row('issueBoardMenu', key)","omitGone","production/support"
"apps/web/src/features/issues/board-pool-data.ts","69","pool?.row('issueBoardDropIndex', JSON.stringify(options))","omitGone","production/support"
"apps/web/src/features/issues/board-pool-parity.test.ts","52","pool.row('issueExplorerModel', JSON.stringify({ tab, query }))","omitGone","test/control"
"apps/web/src/features/issues/board-pool-projection.ts","11","pool.row(entity, key)","omitGone","production/support"
"apps/web/src/features/issues/board-pool-row.tsx","16","pool?.row('issueBoardRow', id)","omitGone","production/support"
"apps/web/src/features/issues/board-pool-row.tsx","25","pool.row('issueBoardRow', id)","omitGone","production/support"
"apps/web/src/features/issues/board-pool-row.tsx","48","pool?.row('issueBoardSessions', issue.id)","omitGone","production/support"
"apps/web/src/features/issues/board-pool-row.tsx","54","pool?.row('issueBoardRow', issue.id)","omitGone","production/support"
"apps/web/src/features/issues/board-pool-row.tsx","55","pool?.row('issueBoardSessions', issue.id)","omitGone","production/support"
"apps/web/src/features/issues/explorer/explorer-context.tsx","105","pool.row('session', id, 'summary')","omitGone","production/support"
"apps/web/src/features/issues/explorer/explorer-context.tsx","115","pool.row('issue', focusedId, 'summary')","omitGone","production/support"
"apps/web/src/features/issues/explorer/explorer-context.tsx","123","pool.row('issue', id, 'summary')","omitGone","production/support"
"apps/web/src/features/issues/explorer/explorer-pool-data.ts","39","pool.row('issueBoardRow', id)","omitGone","production/support"
"apps/web/src/features/issues/issue-menu-readers.ts","19","pool.row('issue', id, 'summary-fields')","omitGone","production/support"
"apps/web/src/features/issues/issue-page/issue-edges.tsx","118","pool?.row('issue', targetId, 'summary-fields')","omitGone","production/support"
"apps/web/src/features/issues/issue-page/use-eviction-guard.ts","58","pool.row('issue', issue.id, 'mark')","omitGone","production/support"
"apps/web/src/features/machines/HostMemoryView.tsx","54","pool.row('session', id, 'summary-fields')","omitGone","production/support"
"apps/web/src/features/merge-queue/MergeQueuePanel.tsx","658","model.pool.model('issue', id)","here","production/support"
"apps/web/src/features/settings/first-task-count.test.ts","19","pool.row('issue', archived.id)","omitGone","test/control"
"apps/web/src/features/settings/readers.ts","25","pool.row('settingsCatalog', 'catalog')","omitGone","production/support"
"apps/web/src/features/settings/readers.ts","29","pool.row('settingsMachine', id)","omitGone","production/support"
"apps/web/src/features/settings/readers.ts","33","pool.row('settingsRepository', id)","omitGone","production/support"
"apps/web/src/features/settings/readers.ts","48","pool.row('settingsCatalog', 'catalog')","omitGone","production/support"
"apps/web/src/features/settings/readers.ts","52","pool.row('settingsMachine', id)","omitGone","production/support"
"apps/web/src/features/settings/readers.ts","56","pool.row('settingsMachine', id)","omitGone","production/support"
"apps/web/src/features/settings/readers.ts","87","pool.row('settingsMachine', id)","omitGone","production/support"
"apps/web/src/features/settings/readers.ts","100","pool.row('settingsWindow', 'window')","omitGone","production/support"
"apps/web/src/features/settings/readers.ts","135","pool.row('preference', key)","omitGone","production/support"
"apps/web/src/features/settings/readers.ts","193","pool.row('preference', key)","omitGone","production/support"
"apps/web/src/features/settings/settings-pool.test.ts","99","pool.row('session', row.sessionId)","omitGone","test/control"
"apps/web/src/features/settings/settings-pool.test.ts","102","pool.row('setupSession', row.sessionId)","omitGone","test/control"
"apps/web/src/features/settings/settings-pool.test.ts","104","pool.row('setupSession', row.sessionId)","omitGone","test/control"
"apps/web/src/features/settings/settings-pool.test.ts","107","pool.row('session', row.sessionId)","omitGone","test/control"
"apps/web/src/features/settings/settings-pool.test.ts","108","pool.row('setupSession', row.sessionId)","omitGone","test/control"
"apps/web/src/features/settings/settings-pool.test.ts","129","pool.row('setupSession', 'cold')","omitGone","test/control"
"apps/web/src/features/settings/settings-pool.test.ts","137","pool.row('session', 'hot')","omitGone","test/control"
"apps/web/src/features/settings/settings-pool.test.ts","138","pool.row('setupSession', 'cold')","omitGone","test/control"
"apps/web/src/features/settings/settings-pool.test.ts","139","pool.row('setupSession', 'cold')","omitGone","test/control"
"apps/web/src/features/settings/settings-pool.test.ts","141","pool.row('setupSession', 'cold')","omitGone","test/control"
"apps/web/src/features/settings/settings-pool.test.ts","150","current.row('settingsCatalog', 'catalog')","omitGone","test/control"
"apps/web/src/features/settings/settings-pool.test.ts","151","current.row('settingsWindow', 'window')","omitGone","test/control"
"apps/web/src/features/settings/settings-pool.test.ts","152","current.row('settingsMachine', 'host')","omitGone","test/control"
"apps/web/src/features/settings/settings-pool.test.ts","164","pool.row('settingsWindow', 'window')","omitGone","test/control"
"apps/web/src/features/settings/settings-pool.test.ts","165","pool.row('settingsMachine', 'missing')","omitGone","test/control"
"apps/web/src/features/settings/settings-pool.test.ts","166","current.row('settingsMachine', 'host')","omitGone","test/control"
"apps/web/src/features/settings/settings-pool.test.ts","179","pool.row('settingsMachine', 'host')","omitGone","test/control"
"apps/web/src/features/settings/settings-pool.test.ts","180","pool.row('settingsCatalog', 'catalog')","omitGone","test/control"
"apps/web/src/features/settings/settings-pool.test.ts","191","pool.row('setupSession', 'z-cold')","omitGone","test/control"
"apps/web/src/features/settings/settings-pool.test.ts","196","pool.row('session', 'z-cold')","omitGone","test/control"
"apps/web/src/features/settings/settings-pool.test.ts","213","f.pool.row('preference', 'podium.sounds.enabled')","omitGone","test/control"
"apps/web/src/features/settings/settings-pool.test.ts","234","pool.row('settingsCatalog', 'catalog')","omitGone","test/control"
"apps/web/src/features/settings/settings-pool.test.ts","237","f.pool.row('preference', 'podium.sounds.enabled')","omitGone","test/control"
"apps/web/src/features/settings/settings-pool.test.ts","245","f.pool.row('settingsCatalog', 'catalog')","omitGone","test/control"
"apps/web/src/features/settings/settings-pool.test.ts","246","f.pool.row('preference', 'podium.sounds.enabled')","omitGone","test/control"
"apps/web/src/features/terminal/dock-shell-lifecycle.tsx","70","pool.row('session', id, 'summary-fields')","omitGone","production/support"
"apps/web/src/features/terminal/session-pane.pool.test.tsx","237","f.pool.row('session', row.sessionId)","omitGone","test/control"
"apps/web/src/features/workflows/readers.test.tsx","156","pool.row('settingsMachine', profile.machineId ?? '')","omitGone","test/control"
"apps/web/src/features/workflows/readers.test.tsx","232","current.row('settingsMachine', fixture.machines[0]!.id)","omitGone","test/control"
"apps/web/src/features/workflows/readers.test.tsx","233","current.row('settingsCatalog', 'catalog')","omitGone","test/control"
"apps/web/src/features/worklist/SidebarUnified.pool-actions.test.tsx","466","pool!.row('issue', ancestorId, 'summary')","explicit branch / assertion / demand","test/control"
"apps/web/src/features/worklist/SidebarUnified.pool-actions.test.tsx","478","pool!.row('issue', 'synthetic-8')","explicit branch / assertion / demand","test/control"
"apps/web/src/features/worklist/SidebarUnified.pool-actions.test.tsx","482","pool!.row('session', 'synthetic-session-8')","explicit branch / assertion / demand","test/control"
"apps/web/src/features/worklist/SidebarUnified.pool-actions.test.tsx","501","pool!.row('session', id)","explicit branch / assertion / demand","test/control"
"apps/web/src/features/worklist/pool-sidebar-rail.tsx","195","pool.model('worktree', id)","here","production/support"
"apps/web/src/features/worklist/pool-sidebar.tsx","145","pool.row('worktree', slot.id)","omitGone","production/support"
"apps/web/src/features/worklist/pool-sidebar.tsx","837","pool.model('worktree', path)","here","production/support"
"apps/web/src/features/worklist/pool-sidebar.tsx","892","pool.row('session', id)","omitGone","production/support"
"apps/web/src/features/worklist/use-pool-unified-work.ts","33","pool.row('issue', id)","omitGone","production/support"
"apps/web/src/features/worklist/use-pool-unified-work.ts","44","pool.row('issue', parentId, 'summary')","omitGone","production/support"
"apps/web/src/features/worklist/use-pool-unified-work.ts","50","pool.row('issue', parentId)","omitGone","production/support"
"apps/web/src/features/worklist/use-pool-unified-work.ts","71","pool.row('issue', member)","omitGone","production/support"
"apps/web/src/features/worklist/use-pool-unified-work.ts","81","pool.row('issue', parent)","omitGone","production/support"
"apps/web/src/features/worklist/use-pool-unified-work.ts","94","pool.row('session', starter, 'summary')","omitGone","production/support"
"apps/web/src/features/worklist/use-pool-unified-work.ts","125","pool.row('session', id)","omitGone","production/support"
"apps/web/src/features/worklist/use-pool-unified-work.ts","202","pool.row('session', id)","omitGone","production/support"
"apps/web/src/features/worklist/use-sidebar-projects.ts","47","pool.row('worktree', path)","omitGone","production/support"
"apps/web/src/features/worklist/use-sidebar-projects.ts","56","pool.row('session', id)","omitGone","production/support"
"apps/web/src/lib/addressed-issue-ref.ts","12","pool.row('repo', repoId)","omitGone","production/support"
"apps/web/src/lib/issue-reference-pool.test.ts","211","pool.row('issue', cold[0]!.id)","omitGone","test/control"
"apps/web/src/lib/menu-input-growth.test.tsx","150","pool.row('session', sessionId)","requireHere","test/control"
"apps/web/src/lib/preferences-pool.test.tsx","73","p.row('preference', FOLD)","omitGone","test/control"
"apps/web/src/lib/preferences-pool.test.tsx","74","p.row('preference', STICKY)","omitGone","test/control"
"apps/web/src/lib/preferences-pool.test.tsx","82","pool.row('preference', 'unclassified.key')","omitGone","test/control"
"apps/web/src/lib/preferences-pool.test.tsx","124","pool.row('preference', STICKY)","omitGone","test/control"
"apps/web/src/lib/preferences-pool.test.tsx","132","pool.row('preference', STICKY)","omitGone","test/control"
"apps/web/src/lib/use-persisted-ui-state.ts","43","pool.row('preference', key)","omitGone","production/support"
"apps/web/src/request-answers.paired.test.tsx","231","pool.model('issue', rows[0]!.id)","here","test/control"
"apps/web/src/test-support/mock-screen-pool.ts","448","pool.row(entity, id)","omitGone","production/support"
"apps/web/test/chat-context.browser.tsx","133","pool?.row('chatHeld', id)","omitGone","test/control"
"apps/web/test/chat-context.browser.tsx","134","pool?.row('chatContextReader', 'reader')","omitGone","test/control"
"apps/web/test/chat/chat-context-check.ts","52","pool.row('chatWindow', 'window')","omitGone","test/control"
"apps/web/test/chat/chat-context-check.ts","65","pool.row('chatDraft', id)","omitGone","test/control"
"apps/web/test/chat/chat-context-check.ts","66","pool.row('chatHeld', id)","omitGone","test/control"
"apps/web/test/chat/chat-context-check.ts","67","pool.row('sessionExit', id)","omitGone","test/control"
"apps/web/test/chat/chat-context-check.ts","186","pool.row('chatContextReader', 'reader')","omitGone","test/control"
"apps/web/test/command-launch.browser.tsx","165","pool.row('commandWindow', 'window')","omitGone","test/control"
"apps/web/test/files/file-viewer-check.ts","48","pool.row('preference', key)","omitGone","test/control"
"apps/web/test/header-display-leaves.test.tsx","69","pool!.model('issue', 'synthetic-0')","requireHere","test/control"
"apps/web/test/pool-memory.browser.tsx","223","graph!.row('issue', id, 'peek')","omitGone","test/control"
"apps/web/test/preference-replay.ts","37","pool.row('preference', key!)","omitGone","test/control"
"apps/web/test/settings-replay.ts","56","pool.row('settingsCatalog', 'catalog')","omitGone","test/control"
"apps/web/test/settings-replay.ts","57","pool.row('settingsWindow', 'window')","omitGone","test/control"
"apps/web/test/settings-replay.ts","58","pool.row('preference', 'podium.sounds.enabled')","omitGone","test/control"
"apps/web/test/shell-readers.browser.tsx","179","graph?.row('shellWindow', 'window')","omitGone","test/control"
"apps/web/test/store-worklist-pool.browser.tsx","136","current.model('issue', id)","requireHere","test/control"
"packages/client-graph/src/automation-targets.ts","27","pool.row('settingsCatalog', 'catalog')","omitGone","production/support"
"packages/client-graph/src/automation-targets.ts","30","pool.row('settingsRepository', id)","omitGone","production/support"
"packages/client-graph/src/automation-targets.ts","46","pool.row('settingsRepository', id)","omitGone","production/support"
"packages/client-graph/src/automation-targets.ts","50","pool.row('settingsRepository', id)","omitGone","production/support"
"packages/client-graph/src/automation-targets.ts","54","pool.row('settingsRepository', id)","omitGone","production/support"
"packages/client-graph/src/automation-targets.ts","60","pool.row('settingsMachine', id)","omitGone","production/support"
"packages/client-graph/src/automation-targets.ts","65","pool.row('settingsMachine', id)","omitGone","production/support"
"packages/client-graph/src/automation-targets.ts","167","pool.row('settingsMachine', id)","omitGone","production/support"
"packages/client-graph/src/automation-views.ts","32","pool.row('automationCatalog', 'catalog')","omitGone","production/support"
"packages/client-graph/src/automation-views.ts","37","pool.row('automation', id)","omitGone","production/support"
"packages/client-graph/src/automation-views.ts","48","pool.row('settingsCatalog', 'catalog')","omitGone","production/support"
"packages/client-graph/src/automation-views.ts","52","pool.row('settingsRepository', id)","omitGone","production/support"
"packages/client-graph/src/automation-views.ts","60","pool.row('automationRun', id)","omitGone","production/support"
"packages/client-graph/src/automation-views.ts","64","pool.row('setupSession', id)","omitGone","production/support"
"packages/client-graph/src/chat-context.test.ts","152","pool.row('chatSessionOrder', 'order')","omitGone","test/control"
"packages/client-graph/src/chat-context.test.ts","158","pool.row('session', id, 'summary-fields')","omitGone","test/control"
"packages/client-graph/src/chat-context.ts","28","pool.row('chatContextReader', 'reader')","omitGone","production/support"
"packages/client-graph/src/chat-context.ts","42","pool.row('issue', id, 'summary-fields')","omitGone","production/support"
"packages/client-graph/src/chat-context.ts","45","pool.row('repo', repoId)","omitGone","production/support"
"packages/client-graph/src/chat-context.ts","54","pool.row('chatIssueOrder', 'order')","omitGone","production/support"
"packages/client-graph/src/chat-context.ts","78","pool.row('repo', id)","omitGone","production/support"
"packages/client-graph/src/chat-context.ts","93","pool.row('noticeSession', sessionId)","omitGone","production/support"
"packages/client-graph/src/chat-context.ts","98","pool.row('pendingInteraction', id)","omitGone","production/support"
"packages/client-graph/src/chat-context.ts","109","pool.row('noticeSession', sessionId)","omitGone","production/support"
"packages/client-graph/src/chat-context.ts","114","pool.row('messageRecord', id)","omitGone","production/support"
"packages/client-graph/src/chat-context.ts","125","pool.row('issue', session.issueId)","omitGone","production/support"
"packages/client-graph/src/chat-context.ts","131","pool.row('issue', owner)","omitGone","production/support"
"packages/client-graph/src/chat-context.ts","165","this.pool.row('chatSessionOrder', 'order')","omitGone","production/support"
"packages/client-graph/src/chat-context.ts","192","this.pool.row('session', this.model.id, 'summary-fields')","omitGone","production/support"
"packages/client-graph/src/chat-context.ts","206","pool.row('machine', id)","omitGone","production/support"
"packages/client-graph/src/chat-context.ts","240","pool.row('superThreadCatalog', 'catalog')","omitGone","production/support"
"packages/client-graph/src/chat-context.ts","245","pool.row('superThread', id)","omitGone","production/support"
"packages/client-graph/src/command-launch-source.ts","134","pool.row('session', change.name)","omitGone","production/support"
"packages/client-graph/src/command-launch-source.ts","235","this.pool.row('session', id)","omitGone","production/support"
"packages/client-graph/src/command-launch-source.ts","302","this.pool.row('issue', id, 'summary')","omitGone","production/support"
"packages/client-graph/src/command-launch-views.ts","46","pool.row(entity, id)","omitGone","production/support"
"packages/client-graph/src/command-launch-views.ts","69","pool.row('session', id, 'summary-fields')","omitGone","production/support"
"packages/client-graph/src/command-launch-views.ts","182","pool.row('commandIssue', id)","omitGone","production/support"
"packages/client-graph/src/command-launch-views.ts","192","pool.row('repo', repoId)","omitGone","production/support"
"packages/client-graph/src/command-launch-views.ts","329","pool.row('issue', id)","omitGone","production/support"
"packages/client-graph/src/command-launch-views.ts","336","pool.issue(id)","here","production/support"
"packages/client-graph/src/command-launch-views.ts","340","pool.row('issue', child, 'summary')","omitGone","production/support"
"packages/client-graph/src/command-launch-views.ts","423","this.pool.row('session', id, 'summary-fields')","omitGone","production/support"
"packages/client-graph/src/command-launch.test.ts","238","f.pool.row('commandWindow', 'window')","omitGone","test/control"
"packages/client-graph/src/command-launch.test.ts","244","f.pool.row('commandWindow', 'window')","omitGone","test/control"
"packages/client-graph/src/command-launch.test.ts","288","f.pool.row('commandCatalog', 'catalog')","omitGone","test/control"
"packages/client-graph/src/companion-joins.test.ts","68","f.pool.row('session', `session-${n}`, 'summary')","omitGone","test/control"
"packages/client-graph/src/companion-joins.test.ts","72","f.pool.row('issue', 'history', 'summary')","omitGone","test/control"
"packages/client-graph/src/companion-joins.test.ts","81","f.pool.row('issue', 'history', 'summary-fields')","omitGone","test/control"
"packages/client-graph/src/companion-joins.test.ts","84","f.pool.model('repo', 'project')","here","test/control"
"packages/client-graph/src/companion-joins.test.ts","105","f.pool.row('session', 'session-1', 'summary')","omitGone","test/control"
"packages/client-graph/src/companion-joins.test.ts","106","f.pool.row('session', 'session-0')","omitGone","test/control"
"packages/client-graph/src/companion-joins.test.ts","111","f.pool.row('session', 'session-1', 'summary')","omitGone","test/control"
"packages/client-graph/src/companion-joins.test.ts","153","f.pool.row('session', 'session-1', 'summary')","omitGone","test/control"
"packages/client-graph/src/companion-joins.test.ts","162","f.pool.row('repo', 'project')","omitGone","test/control"
"packages/client-graph/src/companion-joins.test.ts","163","f.pool.row('session', 'session-1', 'summary')","omitGone","test/control"
"packages/client-graph/src/companion-joins.test.ts","171","f.pool.row('session', 'session-1', 'summary')","omitGone","test/control"
"packages/client-graph/src/companion-joins.test.ts","173","f.pool.row('machine', 'target')","omitGone","test/control"
"packages/client-graph/src/companion-joins.test.ts","174","f.pool.row('session', 'session-1', 'summary')","omitGone","test/control"
"packages/client-graph/src/enumerate.ts","137","pool.row('session', id)","omitGone","production/support"
"packages/client-graph/src/header-companion.ts","180","this.pool.row('issue', id)","omitGone","production/support"
"packages/client-graph/src/header-companion.ts","183","this.pool.model('issue', id)","here","production/support"
"packages/client-graph/src/header-display.test.ts","55","pool.row('issue', id)","omitGone","test/control"
"packages/client-graph/src/header-display.test.ts","58","pool.model('issue', id)","here","test/control"
"packages/client-graph/src/header-display.test.ts","96","f.pool.model('issue', 'two')","requireHere","test/control"
"packages/client-graph/src/header-offline-machines.work.test.ts","177","pool.row('machine', id)","omitGone","test/control"
"packages/client-graph/src/header-point-questions.test.ts","184","f.pool.row('repository', id)","omitGone","test/control"
"packages/client-graph/src/header-sessions.test.ts","87","pool.row('session', change.name)","omitGone","test/control"
"packages/client-graph/src/header-sessions.test.ts","373","f.pool.row('session', 'cold-0')","omitGone","test/control"
"packages/client-graph/src/header-sessions.test.ts","421","f.pool.row('session', 'cold-0')","omitGone","test/control"
"packages/client-graph/src/header-sessions.test.ts","487","f.pool.row('session', 'cold-0')","omitGone","test/control"
"packages/client-graph/src/header-sessions.ts","67","this.pool.row('session', id, 'mark')","here","production/support"
"packages/client-graph/src/header-sessions.ts","71","this.pool.row('session', id, 'mark')","here","production/support"
"packages/client-graph/src/header-sessions.ts","130","this.pool.row('session', id, 'mark')","omitGone","production/support"
"packages/client-graph/src/header-sessions.ts","131","this.pool.row('session', id, 'summary')","omitGone","production/support"
"packages/client-graph/src/header-shipping-fallback.work.test.ts","170","pool.row('issue', id, 'summary')","omitGone","test/control"
"packages/client-graph/src/header-source.ts","119","pool.row('session', change.name)","omitGone","production/support"
"packages/client-graph/src/header-views.ts","113","pool.row(entity, id)","omitGone","production/support"
"packages/client-graph/src/header-views.ts","116","pool.row('issue', id)","omitGone","production/support"
"packages/client-graph/src/header-views.ts","119","pool.row('issue', id, 'summary')","omitGone","production/support"
"packages/client-graph/src/header-views.ts","127","pool.row('session', id, 'mark')","here","production/support"
"packages/client-graph/src/header-views.ts","129","pool.row('session', id, 'summary')","omitGone","production/support"
"packages/client-graph/src/header-views.ts","156","pool.model('session', id)","here","production/support"
"packages/client-graph/src/header-views.ts","160","pool.row('session', id, 'summary')","omitGone","production/support"
"packages/client-graph/src/header-views.ts","169","pool.row('session', id, 'summary')","omitGone","production/support"
"packages/client-graph/src/header-views.ts","201","pool.model('issue', value.id)","here","production/support"
"packages/client-graph/src/header-views.ts","292","pool.model('issue', root.id)","here","production/support"
"packages/client-graph/src/header-views.ts","435","pool.row('session', id)","omitGone","production/support"
"packages/client-graph/src/issue-board-cards.test.ts","291","pool.row('issueBoardModel', JSON.stringify(options))","omitGone","test/control"
"packages/client-graph/src/issue-board-cards.test.ts","293","pool.row('issueExplorerModel', JSON.stringify({ tab: null, query: '', windowed: true }))","omitGone","test/control"
"packages/client-graph/src/issue-board-cards.ts","60","pool.row('issue', issue.id, 'summary-fields')","omitGone","production/support"
"packages/client-graph/src/issue-board-cards.ts","66","pool.row('issue', id, 'summary-fields')","omitGone","production/support"
"packages/client-graph/src/issue-board-layout.ts","28","pool.row('issue', id, 'summary-fields')","omitGone","production/support"
"packages/client-graph/src/issue-board-layout.ts","67","pool.row('issue', id, 'summary-fields')","omitGone","production/support"
"packages/client-graph/src/issue-board-readers.ts","6","pool.row('issueBoardCatalog', String(agents))","omitGone","production/support"
"packages/client-graph/src/issue-board-source.ts","109","pool.row('issue', id, 'summary-fields')","omitGone","production/support"
"packages/client-graph/src/issue-board-source.ts","119","pool.row('repo', repoId)","omitGone","production/support"
"packages/client-graph/src/issue-board-source.ts","156","pool.row('session', sid, 'summary')","omitGone","production/support"
"packages/client-graph/src/issue-board-source.ts","218","pool.row('issue', id, 'summary-fields')","omitGone","production/support"
"packages/client-graph/src/issue-board-source.ts","264","pool.row('issue', childId, 'summary-fields')","omitGone","production/support"
"packages/client-graph/src/issue-board-source.ts","270","pool.row('issue', sourceId, 'summary-fields')","omitGone","production/support"
"packages/client-graph/src/issue-board-source.ts","284","pool.row('session', sid, 'summary')","omitGone","production/support"
"packages/client-graph/src/issue-board-summary-fields.test.ts","39","pool.row('issue', 'cold', 'summary')","omitGone","test/control"
"packages/client-graph/src/issue-board-summary-fields.test.ts","40","pool.row('issue', 'cold', 'summary-fields')","omitGone","test/control"
"packages/client-graph/src/issue-board-summary-fields.test.ts","46","pool.row('issue', 'cold', 'summary-fields')","omitGone","test/control"
"packages/client-graph/src/issue-board-summary-fields.test.ts","47","pool.row('issue', 'hot', 'summary-fields')","omitGone","test/control"
"packages/client-graph/src/issue-board-summary-fields.test.ts","58","pool.row('issue', 'cold', 'summary-fields')","omitGone","test/control"
"packages/client-graph/src/issue-board-summary-fields.test.ts","61","pool.row('issue', 'cold', 'summary-fields')","omitGone","test/control"
"packages/client-graph/src/issue-board-summary-fields.test.ts","62","pool.row('issue', 'hot', 'summary-fields')","omitGone","test/control"
"packages/client-graph/src/issue-board-summary-fields.test.ts","65","pool.row('issue', 'cold', 'summary-fields')","omitGone","test/control"
"packages/client-graph/src/issue-board-summary-fields.test.ts","77","pool.row('issue', 'cold', 'summary-fields')","omitGone","test/control"
"packages/client-graph/src/issue-board-summary-fields.test.ts","78","pool.row('issue', 'cold', 'summary-fields')","omitGone","test/control"
"packages/client-graph/src/issue-board-summary-fields.test.ts","82","pool.row('issue', 'cold', 'summary-fields')","omitGone","test/control"
"packages/client-graph/src/issue-board-summary-fields.test.ts","83","pool.row('issue', 'unknown', 'summary-fields')","omitGone","test/control"
"packages/client-graph/src/issue-explorer.ts","21","pool.row('issue', id, 'summary-fields')","omitGone","production/support"
"packages/client-graph/src/issue-page-menu.before.test.fixture.ts","27","pool.row('issue', id, 'summary')","omitGone","test/control"
"packages/client-graph/src/issue-page.ts","37","pool.row('issue', id, 'summary-fields')","omitGone","production/support"
"packages/client-graph/src/issue-page.ts","44","pool.row('issue', id, 'summary-fields')","omitGone","production/support"
"packages/client-graph/src/issue-page.ts","218","this.issue.row","here","production/support"
"packages/client-graph/src/issue-page.ts","319","pool.row('session', id, 'summary')","omitGone","production/support"
"packages/client-graph/src/issue-page.ts","341","pool.row('session', id)","omitGone","production/support"
"packages/client-graph/src/issue-page.ts","355","pool.row('issue', id, 'summary-fields')","omitGone","production/support"
"packages/client-graph/src/issue-page.ts","412","pool.model('repo', repoId)","here","production/support"
"packages/client-graph/src/issue-page.ts","422","pool.row('issue', sourceId, 'summary-fields')","omitGone","production/support"
"packages/client-graph/src/issue-page.ts","440","pool.row('issue', id, 'summary-fields')","omitGone","production/support"
"packages/client-graph/src/issue-page.ts","484","pool.row('issue', id)","omitGone","production/support"
"packages/client-graph/src/issue-page.ts","550","pool.row('issue', childId, 'summary')","omitGone","production/support"
"packages/client-graph/src/issue-path-lookup.work.test.ts","147","pool.row('issue', id, 'summary')","omitGone","test/control"
"packages/client-graph/src/issue-reference.ts","75","this.host.row('repo', row.repoId)","omitGone","production/support"
"packages/client-graph/src/issue-reference.ts","97","this.host.row('issue', id, 'summary-fields')","omitGone","production/support"
"packages/client-graph/src/issue-reference.ts","102","this.host.row('issue', id, 'load')","omitGone","production/support"
"packages/client-graph/src/issue-reference.ts","107","this.host.row('repo', repoId)","omitGone","production/support"
"packages/client-graph/src/keyed-inputs.test.ts","288","f.pool.row('issueExit', other)","omitGone","test/control"
"packages/client-graph/src/keyed-inputs.test.ts","294","f.pool.row('issueExit', renamed)","omitGone","test/control"
"packages/client-graph/src/launch-option-views.ts","26","pool.row('repository', id)","omitGone","production/support"
"packages/client-graph/src/launch-option-views.ts","33","pool.row('commandWindow', 'window')","omitGone","production/support"
"packages/client-graph/src/launch-option-views.ts","78","pool.row('repository', id)","omitGone","production/support"
"packages/client-graph/src/launch-option-views.ts","108","pool.row('repository', id)","omitGone","production/support"
"packages/client-graph/src/launch-option-views.ts","217","this.pool.row('repository', this.id)","omitGone","production/support"
"packages/client-graph/src/mission-entity-facts.parity.test.ts","55","pool.model('session', row.sessionId)","requireHere","test/control"
"packages/client-graph/src/mission-entity-facts.parity.test.ts","59","pool.model('session', row.sessionId)","requireHere","test/control"
"packages/client-graph/src/mission-entity-facts.parity.test.ts","138","pool.model('session', 'crew')","here","test/control"
"packages/client-graph/src/mission-view.test.ts","76","pool.row('session', 'old', 'summary')","omitGone","test/control"
"packages/client-graph/src/mission-view.ts","658","this.pool.row('issue', id, 'summary-fields')","omitGone","production/support"
"packages/client-graph/src/mission-view.ts","661","this.pool.row('repo', repoId)","omitGone","production/support"
"packages/client-graph/src/mission-view.ts","672","this.pool.row('issue', id)","omitGone","production/support"
"packages/client-graph/src/mission-view.ts","676","this.pool.row('repo', repoId)","omitGone","production/support"
"packages/client-graph/src/mission-view.ts","740","this.pool.row('session', id)","omitGone","production/support"
"packages/client-graph/src/mission-view.ts","862","this.pool.row('issue', id)","omitGone","production/support"
"packages/client-graph/src/mission-view.ts","878","this.pool.row('issue', sourceId)","omitGone","production/support"
"packages/client-graph/src/mission-view.ts","886","this.pool.row('repo', repoId)","omitGone","production/support"
"packages/client-graph/src/mission-view.ts","919","this.pool.row('issue', id, 'summary')","omitGone","production/support"
"packages/client-graph/src/mission-view.ts","922","this.pool.row('issue', id)","omitGone","production/support"
"packages/client-graph/src/mission-view.ts","954","this.pool.row('issue', id, 'summary')","omitGone","production/support"
"packages/client-graph/src/mission.ts","29","pool.row('issue', id, 'summary')","omitGone","production/support"
"packages/client-graph/src/mission.ts","32","pool.row('issue', id)","omitGone","production/support"
"packages/client-graph/src/mission.ts","39","pool.row('issue', id, 'mark')","omitGone","production/support"
"packages/client-graph/src/mission.ts","56","pool.row('issue', parentId)","omitGone","production/support"
"packages/client-graph/src/mobile-inbox-views.ts","19","pool.row('mobileInboxState', 'state')","omitGone","production/support"
"packages/client-graph/src/mobile-inbox-views.ts","62","pool.row('session', trimmed, 'summary')","omitGone","production/support"
"packages/client-graph/src/mobile-inbox-views.ts","72","pool.row('session', id, 'summary')","omitGone","production/support"
"packages/client-graph/src/mobile-inbox-views.ts","89","pool.row('issue', target.issue.trim(), 'summary')","omitGone","production/support"
"packages/client-graph/src/mobile-inbox.ts","9","pool.row('mobileInboxState', 'state')","omitGone","production/support"
"packages/client-graph/src/mobile-screens.test.ts","58","pool.row('mobileScreenReader', 'reader')","omitGone","test/control"
"packages/client-graph/src/mobile-screens.ts","38","this.pool.row('issue', id)","omitGone","production/support"
"packages/client-graph/src/mobile-screens.ts","128","pool.row('issueBoardRow', member)","omitGone","production/support"
"packages/client-graph/src/mobile-screens.ts","134","pool.row('issueBoardRow', dep.id)","omitGone","production/support"
"packages/client-graph/src/mobile-screens.ts","166","pool.row('issueBoardRow', childId)","omitGone","production/support"
"packages/client-graph/src/mobile-session-chrome.ts","11","pool.row('issue', id, 'summary-fields')","omitGone","production/support"
"packages/client-graph/src/mobile-session-chrome.ts","13","pool.model('issue', id)","here","production/support"
"packages/client-graph/src/mobile-session-context.before.test.fixture.ts","12","pool.row('issue', id, 'summary-fields')","omitGone","test/control"
"packages/client-graph/src/mobile-session-context.before.test.fixture.ts","15","pool.row('repo', repoId)","omitGone","test/control"
"packages/client-graph/src/mobile-session-context.ts","42","pool.row('chatSessionOrder', 'order')","omitGone","production/support"
"packages/client-graph/src/mobile-session-context.ts","49","pool.row('session', id, 'summary-fields')","omitGone","production/support"
"packages/client-graph/src/mobile-session-context.ts","78","pool.row('machine', id)","omitGone","production/support"
"packages/client-graph/src/mobile-session-context.ts","86","pool.row('sessionPaneWindow', 'window')","omitGone","production/support"
"packages/client-graph/src/mobile-session-context.ts","91","pool.row('mobileSessionWindow', 'window')","omitGone","production/support"
"packages/client-graph/src/mobile-session-context.ts","99","pool.row('sessionExit', id)","omitGone","production/support"
"packages/client-graph/src/mobile-session-context.ts","103","pool.row('chatDraft', id)","omitGone","production/support"
"packages/client-graph/src/mobile-session-context.ts","108","pool.row('mobileSessionWindow', 'window')","omitGone","production/support"
"packages/client-graph/src/mobile-session-context.ts","118","pool.row('chatHeld', id)","omitGone","production/support"
"packages/client-graph/src/mobile-session-context.ts","119","pool.row('chatDraft', id)","omitGone","production/support"
"packages/client-graph/src/mobile-session-context.ts","137","pool.row('chatHeld', id)","omitGone","production/support"
"packages/client-graph/src/mobile-tasks-tick.test.ts","61","pool.row('mobileScreenReader', 'reader')","omitGone","test/control"
"packages/client-graph/src/mobile-tasks.ts","347","this.pool.row('issueBoardPosition', JSON.stringify([id, ordering]))","omitGone","production/support"
"packages/client-graph/src/mobile-tasks.ts","351","this.pool.row('issueBoardQuery', JSON.stringify(options))","omitGone","production/support"
"packages/client-graph/src/mobile-triage.ts","40","pool.row('issue', id, 'summary')","omitGone","production/support"
"packages/client-graph/src/mobile-triage.ts","48","pool.row('issue', parentId, 'summary')","omitGone","production/support"
"packages/client-graph/src/mobile-triage.ts","110","this.pool.row('mobileInboxState', 'state')","omitGone","production/support"
"packages/client-graph/src/mobile-triage.ts","122","this.pool.row('window', 'window')","omitGone","production/support"
"packages/client-graph/src/mobile-triage.ts","140","pool.row('issue', id, 'summary')","omitGone","production/support"
"packages/client-graph/src/mobile-triage.ts","176","this.pool.row('mobileInboxState', 'state')","omitGone","production/support"
"packages/client-graph/src/models.test.ts","67","pool.row('issue', 'cold-ref', 'summary-fields')","omitGone","test/control"
"packages/client-graph/src/models.test.ts","143","pool.model('session', 'seat')","requireHere","test/control"
"packages/client-graph/src/models.test.ts","153","pool.model('session', 'seat')","requireHere","test/control"
"packages/client-graph/src/models.ts","100","this.host.row(this.entity, this.id)","explicit branch / assertion / demand","production/support"
"packages/client-graph/src/models.ts","105","this.row","explicit branch / assertion / demand","production/support"
"packages/client-graph/src/models.ts","243","host.model(to, id)","explicit branch / assertion / demand","production/support"
"packages/client-graph/src/models.ts","321","this.host.row('issue', this.id, 'mark')","omitGone","production/support"
"packages/client-graph/src/models.ts","324","this.host.row('issue', this.id, 'summary-fields')","omitGone","production/support"
"packages/client-graph/src/models.ts","327","this.host.row('issue', this.id)","omitGone","production/support"
"packages/client-graph/src/models.ts","415","this.host.row('issue', this.id, 'mark')","omitGone","production/support"
"packages/client-graph/src/models.ts","417","this.host.row('issue', this.id, 'summary-fields')","omitGone","production/support"
"packages/client-graph/src/models.ts","462","this.host.row('issue', this.id)","omitGone","production/support"
"packages/client-graph/src/models.ts","480","this.host.row('issue', this.id)","omitGone","production/support"
"packages/client-graph/src/models.ts","689","this.host.row('issue', id, 'summary')","omitGone","production/support"
"packages/client-graph/src/models.ts","709","this.host.row('issue', id, 'summary')","omitGone","production/support"
"packages/client-graph/src/models.ts","782","this.host.row('session', this.id, 'mark')","omitGone","production/support"
"packages/client-graph/src/models.ts","788","this.host.row('session', this.id, 'summary-fields')","omitGone","production/support"
"packages/client-graph/src/models.ts","801","this.host.row('session', this.id)","omitGone","production/support"
"packages/client-graph/src/models.ts","808","this.host.row('session', this.id, 'mark')","omitGone","production/support"
"packages/client-graph/src/models.ts","810","this.host.row('session', this.id, 'summary')","omitGone","production/support"
"packages/client-graph/src/models.ts","814","this.host.row('session', this.id)","omitGone","production/support"
"packages/client-graph/src/models.ts","824","this.host.row('session', this.id, 'mark')","omitGone","production/support"
"packages/client-graph/src/models.ts","961","super.row","explicit branch / assertion / demand","production/support"
"packages/client-graph/src/navigation-activity.ts","55","pool.row('issue', id, 'summary')","omitGone","production/support"
"packages/client-graph/src/navigation-activity.ts","57","pool.row('issue', id)","omitGone","production/support"
"packages/client-graph/src/navigation-provider.ts","25","pool.row('session', key)","omitGone","production/support"
"packages/client-graph/src/navigation-provider.ts","32","pool.row('issue', id, 'summary')","omitGone","production/support"
"packages/client-graph/src/navigation-provider.ts","38","pool.row('issue', id)","omitGone","production/support"
"packages/client-graph/src/navigation-provider.ts","57","pool.row('session', id)","omitGone","production/support"
"packages/client-graph/src/navigation-provider.ts","62","pool.row('session', key)","omitGone","production/support"
"packages/client-graph/src/navigation-provider.ts","66","pool.row('session', id, 'summary-fields')","omitGone","production/support"
"packages/client-graph/src/navigation-provider.ts","73","pool.row('worktree', registered)","omitGone","production/support"
"packages/client-graph/src/navigation-provider.ts","101","pool.row('session', id, 'summary-fields')","omitGone","production/support"
"packages/client-graph/src/notice-bounds.test.ts","127","live.pool.row('messageRecord', id)","omitGone","test/control"
"packages/client-graph/src/notice-bounds.test.ts","128","live.pool.row('pendingInteraction', id)","omitGone","test/control"
"packages/client-graph/src/notice-bounds.test.ts","245","f.pool.row('noticeSession', 'moved')","omitGone","test/control"
"packages/client-graph/src/notice-bounds.test.ts","275","f.pool.row('noticeSession', 'selected')","omitGone","test/control"
"packages/client-graph/src/notice-bounds.test.ts","279","f.pool.row('noticeSession', 'selected')","omitGone","test/control"
"packages/client-graph/src/notice-bounds.test.ts","281","f.pool.row('noticeCatalog', 'catalog')","omitGone","test/control"
"packages/client-graph/src/notice-bounds.test.ts","283","f.pool.row('noticeCatalog', 'catalog')","omitGone","test/control"
"packages/client-graph/src/notice-source.test.ts","66","f.pool.row('noticeCatalog', 'catalog')","omitGone","test/control"
"packages/client-graph/src/notice-source.test.ts","67","f.pool.row('noticeSession', 'synthetic-session-0')","omitGone","test/control"
"packages/client-graph/src/notice-source.test.ts","84","f.pool.row('noticeSession', 'other-session')","omitGone","test/control"
"packages/client-graph/src/notice-source.test.ts","96","f.pool.row('session', 'cold-notice-session', 'summary')","omitGone","test/control"
"packages/client-graph/src/notice-source.test.ts","137","f.pool.row('noticeSession', 'synthetic-session-0')","omitGone","test/control"
"packages/client-graph/src/notice-source.test.ts","142","fresh.pool.row('noticeCatalog', 'catalog')","omitGone","test/control"
"packages/client-graph/src/notice-views.ts","15","pool.row('messageRecord', id)","omitGone","production/support"
"packages/client-graph/src/notice-views.ts","18","pool.row('session', record.sessionId, 'summary')","omitGone","production/support"
"packages/client-graph/src/notice-views.ts","32","pool.row('noticeAttention', 'attention')","omitGone","production/support"
"packages/client-graph/src/notice-views.ts","37","pool.row('noticeAttention', 'attention')","omitGone","production/support"
"packages/client-graph/src/notice-views.ts","49","pool.row('noticeMessageCatalog', 'catalog')","omitGone","production/support"
"packages/client-graph/src/notice-views.ts","63","pool.row('noticeSession', sessionId)","omitGone","production/support"
"packages/client-graph/src/notice-views.ts","67","pool.row('pendingInteraction', id)","omitGone","production/support"
"packages/client-graph/src/notice-views.ts","79","pool.row('noticeRecoveryCatalog', 'catalog')","omitGone","production/support"
"packages/client-graph/src/notice-views.ts","83","pool.row('outboxDeadLetter', id)","omitGone","production/support"
"packages/client-graph/src/notice-views.ts","91","pool.row('noticeRecoveryCatalog', 'catalog')","omitGone","production/support"
"packages/client-graph/src/notice-views.ts","92","pool.row('window', 'window')","omitGone","production/support"
"packages/client-graph/src/palette-cold-fields.test.ts","26","pool.row('issue', id, 'summary')","omitGone","test/control"
"packages/client-graph/src/palette-members.test.ts","29","pool.row('issue', id)","omitGone","test/control"
"packages/client-graph/src/pool-heartbeat.work.test.ts","87","f.pool.row('session', 'visible')","omitGone","test/control"
"packages/client-graph/src/pool-row-reader.test.ts","19","pool.row('issue', row.id)","omitGone","test/control"
"packages/client-graph/src/pool-row-reader.test.ts","20","pool.row('issue', row.id)","omitGone","test/control"
"packages/client-graph/src/pool-row-reader.test.ts","21","pool.row('issue', row.id)","omitGone","test/control"
"packages/client-graph/src/pool-row-reader.test.ts","25","pool.row('issue', row.id)","omitGone","test/control"
"packages/client-graph/src/pool-row-reader.test.ts","26","pool.row('issue', row.id)","omitGone","test/control"
"packages/client-graph/src/pool-row-reader.test.ts","29","pool.row('issue', row.id)","omitGone","test/control"
"packages/client-graph/src/pool-row-reader.test.ts","41","pool.row('issue', row.id, 'mark')","omitGone","test/control"
"packages/client-graph/src/pool-row-reader.test.ts","42","pool.row('issue', row.id, 'summary-fields')","omitGone","test/control"
"packages/client-graph/src/pool-row-reader.test.ts","45","pool.row('issue', row.id, 'summary-fields')","omitGone","test/control"
"packages/client-graph/src/pool-row-reader.test.ts","47","pool.row('issue', row.id)","omitGone","test/control"
"packages/client-graph/src/pool-row-reader.test.ts","49","pool.row('issue', row.id)","omitGone","test/control"
"packages/client-graph/src/pool-row-reader.test.ts","50","pool.row('issue', row.id)","omitGone","test/control"
"packages/client-graph/src/pool.ts","475","this.row('session', id, 'peek')","omitGone","production/support"
"packages/client-graph/src/pool.ts","477","this.row('issue', id, 'peek')","omitGone","production/support"
"packages/client-graph/src/pool.ts","489","this.row('issue', id)","omitGone","production/support"
"packages/client-graph/src/pool.ts","490","this.row('session', id)","omitGone","production/support"
"packages/client-graph/src/pool.ts","493","this.row('repo', id)","omitGone","production/support"
"packages/client-graph/src/pool.ts","523","this.row('issue', id, 'peek')","omitGone","production/support"
"packages/client-graph/src/pool.ts","525","this.row('session', id, 'peek')","omitGone","production/support"
"packages/client-graph/src/pool.ts","530","this.row('issue', id)","omitGone","production/support"
"packages/client-graph/src/pool.ts","531","this.row('session', id)","omitGone","production/support"
"packages/client-graph/src/pool.ts","639","this.row('machine', key)","here","production/support"
"packages/client-graph/src/pool.ts","639","this.model('repo', key)","here","production/support"
"packages/client-graph/src/pool.ts","694","this.row(entity, id)","explicit branch / assertion / demand","production/support"
"packages/client-graph/src/pool.ts","749","this.row('issueExit', id)","omitGone","production/support"
"packages/client-graph/src/pool.ts","845","this.model('issue', id)","explicit branch / assertion / demand","production/support"
"packages/client-graph/src/pool.ts","869","this.row(entity, id)","explicit branch / assertion / demand","production/support"
"packages/client-graph/src/pool.ts","1086","this.row('issue', id, 'mark')","omitGone","production/support"
"packages/client-graph/src/preference-inputs.test.ts","57","f.pool.row('preference', key)","omitGone","test/control"
"packages/client-graph/src/preference-inputs.test.ts","103","f.pool.row('preference', key)","omitGone","test/control"
"packages/client-graph/src/preference-inputs.test.ts","125","f.pool.row('preference', draftKey)","omitGone","test/control"
"packages/client-graph/src/preference-inputs.test.ts","129","f.pool.row('preference', otherKey)","omitGone","test/control"
"packages/client-graph/src/react/row.tsx","35","pool.issue(id)","explicit branch / assertion / demand","production/support"
"packages/client-graph/src/read-cursor.test.ts","89","pool.row('issue', cold.id)","omitGone","test/control"
"packages/client-graph/src/read-cursor.test.ts","92","pool.row('issue', cold.id)","omitGone","test/control"
"packages/client-graph/src/read-cursor.test.ts","95","pool.row('issue', cold.id)","omitGone","test/control"
"packages/client-graph/src/reader-queries.test.ts","64","pool.row('issue', issue.id)","omitGone","test/control"
"packages/client-graph/src/reader-queries.test.ts","74","pool.row('issue', issue.id)","omitGone","test/control"
"packages/client-graph/src/reader-queries.test.ts","403","pool.row('commandCatalog', 'catalog')","omitGone","test/control"
"packages/client-graph/src/reader-queries.test.ts","554","f.pool.row('session', 'host', 'summary')","omitGone","test/control"
"packages/client-graph/src/reader-queries.test.ts","785","f.pool.row('session', 'cold-session-0', 'summary')","omitGone","test/control"
"packages/client-graph/src/reader-queries.test.ts","786","f.pool.row('session', 'cold-session-0', 'summary')","omitGone","test/control"
"packages/client-graph/src/reader-queries.ts","141","pool.row('repo', change.name)","omitGone","production/support"
"packages/client-graph/src/reader-queries.ts","419","this.pool.row('repo', id)","omitGone","production/support"
"packages/client-graph/src/reader-queries.ts","1084","this.pool.row('repo', id)","omitGone","production/support"
"packages/client-graph/src/record-lookup.test.ts","41","f.pool.row('issue', 'hot')","explicit branch / assertion / demand","test/control"
"packages/client-graph/src/record-lookup.test.ts","42","f.pool.model('issue', 'hot')","explicit branch / assertion / demand","test/control"
"packages/client-graph/src/record-lookup.test.ts","43","f.pool.row('issue', 'cold')","explicit branch / assertion / demand","test/control"
"packages/client-graph/src/record-lookup.test.ts","45","f.pool.model('issue', 'cold')","explicit branch / assertion / demand","test/control"
"packages/client-graph/src/record-lookup.test.ts","47","f.pool.row('issue', 'deleted')","explicit branch / assertion / demand","test/control"
"packages/client-graph/src/record-lookup.test.ts","48","f.pool.model('issue', 'deleted')","explicit branch / assertion / demand","test/control"
"packages/client-graph/src/record-lookup.test.ts","49","f.pool.row('issue', 'private')","explicit branch / assertion / demand","test/control"
"packages/client-graph/src/record-lookup.test.ts","51","f.pool.row('issue', 'private')","explicit branch / assertion / demand","test/control"
"packages/client-graph/src/record-lookup.test.ts","52","f.pool.model('issue', 'private')","explicit branch / assertion / demand","test/control"
"packages/client-graph/src/record-lookup.test.ts","54","f.pool.model('issue', 'cold')","here","test/control"
"packages/client-graph/src/record-lookup.test.ts","55","f.pool.row('issue', 'deleted')","omitGone","test/control"
"packages/client-graph/src/record-lookup.test.ts","56","f.pool.model('issue', 'deleted')","here","test/control"
"packages/client-graph/src/record-lookup.test.ts","65","f.pool.row('issue', 'cold')","explicit branch / assertion / demand","test/control"
"packages/client-graph/src/record-lookup.test.ts","66","f.pool.model('issue', 'cold')","explicit branch / assertion / demand","test/control"
"packages/client-graph/src/record-lookup.test.ts","67","f.pool.row('issue', 'deleted', 'summary')","explicit branch / assertion / demand","test/control"
"packages/client-graph/src/record-lookup.test.ts","95","pool.model('issue', 'id')","explicit branch / assertion / demand","test/control"
"packages/client-graph/src/record-lookup.test.ts","96","pool.row('issue', 'id')","explicit branch / assertion / demand","test/control"
"packages/client-graph/src/record-lookup.test.ts","122","f.pool.model('issue', 'cold')","explicit branch / assertion / demand","test/control"
"packages/client-graph/src/record-lookup.test.ts","123","f.pool.model('issue', 'evicted')","explicit branch / assertion / demand","test/control"
"packages/client-graph/src/record-lookup.test.ts","124","f.pool.row('issue', 'cold')","explicit branch / assertion / demand","test/control"
"packages/client-graph/src/record-lookup.test.ts","128","f.pool.row('issue', 'cold')","explicit branch / assertion / demand","test/control"
"packages/client-graph/src/record-lookup.test.ts","129","f.pool.row('issue', 'evicted')","explicit branch / assertion / demand","test/control"
"packages/client-graph/src/record-lookup.test.ts","131","f.pool.model('issue', 'evicted')","explicit branch / assertion / demand","test/control"
"packages/client-graph/src/record-lookup.test.ts","138","f.pool.model('issue', 'hot')","explicit branch / assertion / demand","test/control"
"packages/client-graph/src/record-lookup.test.ts","147","f.pool.row('issue', 'hot')","explicit branch / assertion / demand","test/control"
"packages/client-graph/src/record-lookup.test.ts","158","f.pool.row('issue', 'private')","explicit branch / assertion / demand","test/control"
"packages/client-graph/src/record-lookup.test.ts","163","f.pool.row('issue', 'private')","explicit branch / assertion / demand","test/control"
"packages/client-graph/src/record-source-lookup.test.ts","52","handle.pool.row('issue', 'deleted')","explicit branch / assertion / demand","test/control"
"packages/client-graph/src/record-source-lookup.test.ts","53","handle.pool.model('issue', 'deleted')","explicit branch / assertion / demand","test/control"
"packages/client-graph/src/record-source-lookup.test.ts","55","handle.pool.model('issue', 'private')","explicit branch / assertion / demand","test/control"
"packages/client-graph/src/record-source-lookup.test.ts","57","handle.pool.model('issue', 'private')","explicit branch / assertion / demand","test/control"
"packages/client-graph/src/record-source-lookup.test.ts","58","handle.pool.row('issue', 'deleted')","explicit branch / assertion / demand","test/control"
"packages/client-graph/src/record-source-lookup.test.ts","66","handle.pool.model('issue', 'private')","explicit branch / assertion / demand","test/control"
"packages/client-graph/src/relation-lists-before.test-helper.ts","39","this.host.model(this.to, id)","omitGone","test/control"
"packages/client-graph/src/relation-lists.test.ts","45","pool.model(from, row.id)","requireHere","test/control"
"packages/client-graph/src/relation-lists.test.ts","76","pool.model('issue', 'root')","requireHere","test/control"
"packages/client-graph/src/relation-lists.test.ts","100","pool.model('worktree', '/synthetic')","requireHere","test/control"
"packages/client-graph/src/relation-lists.test.ts","131","pool.model('issue', 'root')","requireHere","test/control"
"packages/client-graph/src/relation-lists.test.ts","148","pool.model('issue', 'root')","requireHere","test/control"
"packages/client-graph/src/repository-activity.work.test.ts","61","f.pool.row('session', id, 'summary-fields')","omitGone","test/control"
"packages/client-graph/src/repository-prefix-key.test.ts","118","pool.row('repo', id)","omitGone","test/control"
"packages/client-graph/src/runtime-pool.ts","268","pool.row('issue', id, 'peek')","omitGone","production/support"
"packages/client-graph/src/session-pane.test.ts","46","f.pool.row('sessionPaneWindow', 'window')","omitGone","test/control"
"packages/client-graph/src/session-pane.test.ts","96","f.pool.row('session', cold.sessionId, 'summary')","omitGone","test/control"
"packages/client-graph/src/session-pane.test.ts","117","f.pool.row('sessionPaneWindow', 'window')","omitGone","test/control"
"packages/client-graph/src/session-pane.ts","11","pool.row('session', id)","omitGone","production/support"
"packages/client-graph/src/session-pane.ts","14","pool.row('sessionPaneWindow', 'window')","omitGone","production/support"
"packages/client-graph/src/session-pane.ts","18","pool.row('machine', id)","omitGone","production/support"
"packages/client-graph/src/session-pane.ts","45","pool.row('issue', id, 'summary')","omitGone","production/support"
"packages/client-graph/src/session-pane.ts","57","pool.row('issue', session.issueId)","omitGone","production/support"
"packages/client-graph/src/session-pane.ts","68","pool.row('issue', id)","omitGone","production/support"
"packages/client-graph/src/session-pane.ts","84","pool.row('issue', row.parentId, 'summary')","omitGone","production/support"
"packages/client-graph/src/settings-views.ts","22","pool.row('setupSession', id)","omitGone","production/support"
"packages/client-graph/src/settings-views.ts","62","pool.row('session', id, 'summary-fields')","omitGone","production/support"
"packages/client-graph/src/shared/repo-slot.test.ts","41","pool.row('repo', 'repo-1')","omitGone","test/control"
"packages/client-graph/src/shared/row-source.test.ts","171","handle.pool.row('session', 'a')","omitGone","test/control"
"packages/client-graph/src/shared/row-source.test.ts","172","handle.pool.row('session', 'c')","omitGone","test/control"
"packages/client-graph/src/shared/row-source.test.ts","178","handle.pool.row('session', 'c')","omitGone","test/control"
"packages/client-graph/src/shared/row-source.test.ts","330","handle.pool.row('session', 'a')","omitGone","test/control"
"packages/client-graph/src/shared/row-source.test.ts","331","handle.pool.row('session', 'removed')","here","test/control"
"packages/client-graph/src/shared/row-source.test.ts","334","handle.pool.row('session', 'a')","omitGone","test/control"
"packages/client-graph/src/shared/row-source.test.ts","455","handle.pool.row('issue', 'one')","omitGone","test/control"
"packages/client-graph/src/shared/row-source.test.ts","465","handle.pool.row('issue', 'one')","omitGone","test/control"
"packages/client-graph/src/shared/row-source.test.ts","470","handle.pool.row('issue', 'one')","omitGone","test/control"
"packages/client-graph/src/shell-views.ts","38","this.pool.row('issue', this.id, 'summary')","omitGone","production/support"
"packages/client-graph/src/shell-views.ts","39","this.pool.row('issue', this.id)","omitGone","production/support"
"packages/client-graph/src/shell-views.ts","70","this.pool.row('shellWindow', 'window')","omitGone","production/support"
"packages/client-graph/src/shell-views.ts","91","this.pool.row('shellWindow', 'window')","omitGone","production/support"
"packages/client-graph/src/shell-views.ts","102","this.pool.row('shellWindow', 'window')","omitGone","production/support"
"packages/client-graph/src/shell-views.ts","138","pool.row('shellWindow', 'window')","omitGone","production/support"
"packages/client-graph/src/shell-views.ts","139","pool.row('shellCatalog', 'catalog')","omitGone","production/support"
"packages/client-graph/src/shell-views.ts","146","pool.row(entity, id)","omitGone","production/support"
"packages/client-graph/src/shell-views.ts","153","pool.row('issue', id, full ? 'load' : 'summary')","omitGone","production/support"
"packages/client-graph/src/shell-views.ts","155","pool.row('issue', id)","omitGone","production/support"
"packages/client-graph/src/shell-views.ts","161","pool.row('repo', repoId)","omitGone","production/support"
"packages/client-graph/src/shell-views.ts","186","pool.row('session', id, 'summary-fields')","omitGone","production/support"
"packages/client-graph/src/shell-views.ts","212","pool.row('repository', id)","omitGone","production/support"
"packages/client-graph/src/shell-views.ts","220","pool.row('machine', id)","omitGone","production/support"
"packages/client-graph/src/shell-views.ts","228","pool.row('shipOrder', id)","omitGone","production/support"
"packages/client-graph/src/shell-views.ts","272","pool.row('shellWorkspace', key)","omitGone","production/support"
"packages/client-graph/src/shell.test.ts","206","f.pool.row('issue', draft.id)","omitGone","test/control"
"packages/client-graph/src/shell.test.ts","210","f.pool.row('session', f.sessions[2]!.sessionId, 'summary')","omitGone","test/control"
"packages/client-graph/src/shell.test.ts","240","f.pool.row('issue', id, 'summary')","omitGone","test/control"
"packages/client-graph/src/shipping-view.test.ts","95","pool.row('shipOrder', id)","omitGone","test/control"
"packages/client-graph/src/shipping-view.ts","37","pool.row('shipOrder', id)","omitGone","production/support"
"packages/client-graph/src/shipping-view.ts","40","pool.row('shellShipLane', id)","omitGone","production/support"
"packages/client-graph/src/sidebar-summary-reader.test.ts","21","pool.model('worktree', path)","requireHere","test/control"
"packages/client-graph/src/source-position.test.ts","43","f.pool.row('setupSession', id)","omitGone","test/control"
"packages/client-graph/src/source-position.test.ts","55","f.pool.row('setupSession', row.id)","omitGone","test/control"
"packages/client-graph/src/source-position.test.ts","74","f.pool.row('setupSession', 's0')","omitGone","test/control"
"packages/client-graph/src/summary-reader.test.ts","39","pool.row('issue', 'cold', 'summary')","omitGone","test/control"
"packages/client-graph/src/summary-reader.test.ts","42","pool.row('issue', 'hot', 'summary')","omitGone","test/control"
"packages/client-graph/src/summary-reader.test.ts","53","pool.row('issue', 'cold', 'summary')","omitGone","test/control"
"packages/client-graph/src/summary-reader.test.ts","54","pool.row('issue', 'hot', 'summary')","omitGone","test/control"
"packages/client-graph/src/summary-reader.test.ts","64","pool.row('issue', 'cold', mode)","omitGone","test/control"
"packages/client-graph/src/summary-reader.test.ts","81","pool.row('issue', 'cold')","omitGone","test/control"
"packages/client-graph/src/summary-reader.test.ts","132","pool.row('issue', 'cold', 'summary')","omitGone","test/control"
"packages/client-graph/src/summary-reader.test.ts","133","pool.row('issue', 'cold', 'summary')","omitGone","test/control"
"packages/client-graph/src/summary-reader.test.ts","137","pool.row('issue', 'cold', 'summary')","omitGone","test/control"
"packages/client-graph/src/summary-reader.test.ts","138","pool.row('issue', 'deleted', 'summary')","omitGone","test/control"
"packages/client-graph/src/superagent.test.ts","63","f.pool.row('superThreadCatalog', 'catalog')","omitGone","test/control"
"packages/client-graph/src/superagent.test.ts","78","f.pool.row('superThread', 'global')","omitGone","test/control"
"packages/client-graph/src/superagent.test.ts","84","f.pool.row('superThread', 'global')","omitGone","test/control"
"packages/client-graph/src/superagent.test.ts","87","f.pool.row('superThread', 'global')","omitGone","test/control"
"packages/client-graph/src/superagent.test.ts","113","f.pool.row('superagentEvent', event(1).id)","omitGone","test/control"
"packages/client-graph/src/superagent.test.ts","174","f.pool.row('session', cold.sessionId)","omitGone","test/control"
"packages/client-graph/src/superagent.test.ts","175","f.pool.row('session', cold.sessionId)","omitGone","test/control"
"packages/client-graph/src/superagent.test.ts","182","f.pool.row('session', cold.sessionId)","omitGone","test/control"
"packages/client-graph/src/superagent.test.ts","183","f.pool.row('session', 'known-absent')","omitGone","test/control"
"packages/client-graph/src/superagent.test.ts","214","f.pool.row('superThread', 'global')","omitGone","test/control"
"packages/client-graph/src/superagent.test.ts","216","f.pool.row('superThread', 'global')","omitGone","test/control"
"packages/client-graph/src/superagent.test.ts","223","f.pool.row('superThread', 'foreign')","omitGone","test/control"
"packages/client-graph/src/superagent.test.ts","225","f.pool.row('superThread', 'foreign')","omitGone","test/control"
"packages/client-graph/src/superagent.test.ts","229","f.pool.row('superThread', 'global')","omitGone","test/control"
"packages/client-graph/src/superagent.test.ts","232","f.pool.row('superThreadCatalog', 'catalog')","omitGone","test/control"
"packages/client-graph/src/superagent.test.ts","234","f.pool.row('superThreadCatalog', 'catalog')","omitGone","test/control"
"packages/client-graph/src/superagent.ts","324","pool.row('superThreadCatalog', 'catalog')","omitGone","production/support"
"packages/client-graph/src/superagent.ts","328","pool.row('superThread', id)","omitGone","production/support"
"packages/client-graph/src/superagent.ts","332","pool.row('superagentLocal', 'local')","omitGone","production/support"
"packages/client-graph/src/superagent.ts","332","pool.row('superThreadCatalog', 'catalog')","omitGone","production/support"
"packages/client-graph/src/superagent.ts","336","pool.row('superThread', id)","omitGone","production/support"
"packages/client-graph/src/superagent.ts","345","pool.row('superagentEventTail', 'tail')","omitGone","production/support"
"packages/client-graph/src/superagent.ts","349","pool.row('superagentEvent', id)","omitGone","production/support"
"packages/client-graph/src/superagent.ts","356","pool.row('superagentReadPosition', 'issueEvents')","omitGone","production/support"
"packages/client-graph/src/superagent.ts","361","pool.row('noticeSession', sessionId)","omitGone","production/support"
"packages/client-graph/src/superagent.ts","364","pool.row('pendingInteraction', id)","omitGone","production/support"
"packages/client-graph/src/superagent.ts","371","pool.row('superagentLocal', 'local')","omitGone","production/support"
"packages/client-graph/src/superagent.ts","374","pool.row('repository', id)","omitGone","production/support"
"packages/client-graph/src/terminal-references.ts","26","pool.row('issue', id, 'summary-fields')","omitGone","production/support"
"packages/client-graph/src/window-inputs.test.ts","54","pool.row('repo', 'r')","omitGone","test/control"
"packages/client-graph/src/window-inputs.test.ts","56","pool.row('repo', 'r')","omitGone","test/control"
"packages/client-graph/src/window-inputs.test.ts","65","pool.row('repo', 'r')","omitGone","test/control"
"packages/client-graph/src/window-inputs.test.ts","78","pool.row('repo', 'r')","omitGone","test/control"
"packages/client-graph/src/window-inputs.test.ts","81","pool.row('repo', 'r')","omitGone","test/control"
"packages/client-graph/src/window-inputs.test.ts","113","f.pool.row('shellWindow', 'window')","omitGone","test/control"
"packages/client-graph/src/window-inputs.test.ts","118","f.pool.row('window', 'window')","omitGone","test/control"
"packages/client-graph/src/window-inputs.test.ts","123","f.pool.row('commandWindow', 'window')","omitGone","test/control"
"packages/client-graph/src/window-inputs.test.ts","146","f.pool.row('mobileSessionWindow', 'window')","omitGone","test/control"
"packages/client-graph/src/window-inputs.test.ts","152","f.pool.row('mobileSessionWindow', 'window')","omitGone","test/control"
"packages/client-graph/src/window-inputs.test.ts","175","fixture.f.pool.row('issueExit', first)","omitGone","test/control"
"packages/client-graph/src/window-inputs.test.ts","179","fixture.f.pool.row('issueExit', second)","omitGone","test/control"
"packages/client-graph/src/workflow-views.ts","13","pool.row(WORKFLOW_SCHEMA.machines.catalog, 'catalog')","omitGone","production/support"
"packages/client-graph/src/workflow-views.ts","17","pool.row(WORKFLOW_SCHEMA.machines.entity, id)","omitGone","production/support"
"packages/client-graph/src/workflow-views.ts","29","pool.row(WORKFLOW_SCHEMA.issue.entity, run.subjectId, 'summary')","omitGone","production/support"
"packages/client-graph/src/worklist/field-parity.test.ts","45","session.row","requireHere","test/control"
"packages/client-graph/src/worklist/field-parity.test.ts","74","session.row","requireHere","test/control"
"packages/client-graph/src/worklist/groups.ts","246","pool.model('worktree', ids[0])","here","production/support"
"packages/client-graph/src/worklist/heartbeat-before.test-helper.ts","23","pool.row('issue', id)","omitGone","test/control"
"packages/client-graph/src/worklist/heartbeat-before.test-helper.ts","25","pool.model('session', id)","here","test/control"
"packages/client-graph/src/worklist/heartbeat-before.test-helper.ts","27","pool.row('session', id, 'summary')","omitGone","test/control"
"packages/client-graph/src/worklist/heartbeat-before.test-helper.ts","35","pool.model('issue', value.id)","here","test/control"
"packages/client-graph/src/worklist/heartbeat-before.test-helper.ts","95","pool.row('session', sid)","omitGone","test/control"
"packages/client-graph/src/worklist/heartbeat-before.test-helper.ts","125","pool.row('session', sid)","omitGone","test/control"
"packages/client-graph/src/worklist/heartbeat-before.test-helper.ts","130","pool.model('issue', root.id)","here","test/control"
"packages/client-graph/src/worklist/heartbeat-before.test-helper.ts","145","pool.row('worktree', path)","omitGone","test/control"
"packages/client-graph/src/worklist/heartbeat-before.test-helper.ts","149","pool.model('worktree', path)","here","test/control"
"packages/client-graph/src/worklist/heartbeat-before.test-helper.ts","155","pool.model('session', id)","here","test/control"
"packages/client-graph/src/worklist/heartbeat-before.test-helper.ts","156","pool.row('session', id)","omitGone","test/control"
"packages/client-graph/src/worklist/heartbeat-before.test-helper.ts","166","pool.row('issue', session.issueId)","omitGone","test/control"
"packages/client-graph/src/worklist/heartbeat-before.test-helper.ts","172","pool.issue(session.issueId)","requireHere","test/control"
"packages/client-graph/src/worklist/issue-before.test-helper.ts","56","this.host.row('issue', this.id, 'mark')","omitGone","test/control"
"packages/client-graph/src/worklist/issue-before.test-helper.ts","405","this.host.row('issue', this.id, 'mark')","omitGone","test/control"
"packages/client-graph/src/worklist/issue-before.test-helper.ts","408","this.host.row('issue', this.id, 'summary')","omitGone","test/control"
"packages/client-graph/src/worklist/issue-before.test-helper.ts","411","this.host.row('issue', this.id, 'summary')","omitGone","test/control"
"packages/client-graph/src/worklist/issue-before.test-helper.ts","1112","this.host.row('session', id)","omitGone","test/control"
"packages/client-graph/src/worklist/issue.ts","42","this.host.row('issue', this.id, 'mark')","omitGone","production/support"
"packages/client-graph/src/worklist/issue.ts","369","this.host.row('issue', this.id, 'mark')","omitGone","production/support"
"packages/client-graph/src/worklist/issue.ts","372","this.host.row('issue', this.id, 'summary')","omitGone","production/support"
"packages/client-graph/src/worklist/issue.ts","375","this.host.row('issue', this.id, 'summary')","omitGone","production/support"
"packages/client-graph/src/worklist/mobile-before.test-helper.ts","137","this.pool.row('issue', row.id)","omitGone","test/control"
"packages/client-graph/src/worklist/mobile.ts","97","this.pool.row('issue', id)","omitGone","production/support"
"packages/client-graph/src/worklist/record-facts-parity.test.ts","28","pool.row('issue', id, 'mark')","omitGone","test/control"
"packages/client-graph/src/worklist/record-facts-parity.test.ts","30","pool.row('issue', id, 'summary-fields')","omitGone","test/control"
"packages/client-graph/src/worklist/session.ts","62","pool.model('worktree', path)","here","production/support"
"packages/client-graph/src/worklist/sidebar-roster.ts","62","this.pool.model('worktree', path)","here","production/support"
"packages/client-graph/src/worklist/sidebar-roster.ts","124","this.pool.model('worktree', path)","here","production/support"
"packages/client-graph/src/worklist/sidebar-roster.ts","138","this.pool.row('worktree', this.pool.queries.registeredWorktreePath(path) ?? path)","omitGone","production/support"
"packages/client-graph/src/worklist/sidebar-roster.ts","144","this.pool.row('worktree', path, 'mark')","omitGone","production/support"
"packages/client-graph/src/worklist/sidebar-roster.ts","194","this.pool.row('session', id, 'mark')","omitGone","production/support"
"packages/client-graph/src/worklist/sidebar-roster.ts","213","this.pool.row('session', id, 'mark')","omitGone","production/support"
"packages/client-graph/src/worklist/sidebar.ts","82","host.model('session', id)","here","production/support"
"packages/client-graph/src/worklist/sidebar.ts","184","this.pool.issue(id)","here","production/support"
"packages/client-graph/src/worklist/sidebar.ts","196","this.pool.issue(id)","here","production/support"
"packages/client-graph/src/worklist/sidebar.ts","207","this.pool.model('worktree', path)","here","production/support"
"packages/client-graph/src/worklist/sidebar.ts","292","this.pool.row('worktree', path)","omitGone","production/support"
"packages/client-graph/src/worklist/state-parity.test.tsx","57","pool.model('worktree', '/loose')","requireHere","test/control"
"packages/client-graph/src/worklist/state-parity.test.tsx","63","actual.root.row","here","test/control"
"packages/client-graph/src/worklist/state-parity.test.tsx","136","pool.model('worktree', '/loose')","requireHere","test/control"
"packages/client-graph/src/worklist/view-model.ts","70","this.pool.issue(ref.id)","here","production/support"
"packages/client-graph/src/worklist/view-model.ts","71","this.pool.row('issue', ref.id)","omitGone","production/support"
"packages/client-graph/src/worklist/view-model.ts","75","this.pool.row('worktree', ref.id)","omitGone","production/support"
"packages/client-graph/src/worklist/view-model.ts","76","this.pool.model('worktree', ref.id)","here","production/support"
"packages/client-graph/src/worklist/worktree.ts","92","this.worklist.pool.model('issue', session.issueLink)","here","production/support"
"packages/client-graph/src/write/draft-of.test.ts","25","pool.issue('i-1')","requireHere","test/control"
"tests/worklist/arms/mobx/pool/gate.test.ts","439","pool.issue(id)","here","test/control"
"tests/worklist/arms/mobx/pool/gate.test.ts","470","pool.issue(id)","here","test/control"
"tests/worklist/arms/mobx/pool/gate.test.ts","704","handle.pool.issue(id)","here","test/control"
"tests/worklist/arms/mobx/pool/models.test.ts","112","pool.model(entity, id)","here","test/control"
"tests/worklist/arms/mobx/pool/navigation.test.ts","222","pool.model(entity, id)","here","test/control"
"tests/worklist/arms/mobx/pool/navigation.test.ts","233","pool.model(spec.to, target as string)","here","test/control"
"tests/worklist/arms/mobx/pool/navigation.test.ts","251","pool.model(spec.to, (m as { id: string }).id)","here","test/control"
"tests/worklist/arms/mobx/pool/navigation.test.ts","297","pool.issue(child as string)","here","test/control"
"tests/worklist/arms/mobx/pool/pool.test.tsx","148","handle.pool.issue(id)","here","test/control"
"tests/worklist/arms/mobx/pool/pool.test.tsx","315","pool.issue(id)","here","test/control"
"tests/worklist/arms/mobx/pool/pool.test.tsx","319","pool.issue(id)","here","test/control"
"tests/worklist/arms/mobx/pool/pool.test.tsx","340","pool.model('repo', repoId)","here","test/control"
"tests/worklist/arms/mobx/pool/pool.test.tsx","440","pool.issue(id)","requireHere","test/control"
"tests/worklist/arms/mobx/pool/pool.test.tsx","460","pool.issue(models[0]!.id)","here","test/control"
"tests/worklist/arms/mobx/pool/reader.test.tsx","216","pool.row('issue', id)","omitGone","test/control"
"tests/worklist/arms/mobx/pool/reader.test.tsx","218","pool.issue(id)","here","test/control"
"tests/worklist/arms/mobx/pool/reader.test.tsx","237","pool.row('issue', id)","omitGone","test/control"
"tests/worklist/arms/mobx/pool/relations.test.ts","1582","r.pool.issue(id)","here","test/control"
"tests/worklist/arms/mobx/pool/relations.test.ts","1588","r.pool.issue('I1')","here","test/control"
"tests/worklist/arms/mobx/pool/relations.test.ts","1607","r.pool.issue('I3')","here","test/control"
"tests/worklist/arms/mobx/pool/residency-observation.test.ts","26","pool.row('issue', cold)","omitGone","test/control"
"tests/worklist/arms/mobx/pool/residency-observation.test.ts","32","pool.row('issue', `absent-${index}`, 'mark')","omitGone","test/control"
"tests/worklist/arms/mobx/pool/residency-observation.test.ts","33","pool.row('issue', `absent-${index}`, 'summary')","omitGone","test/control"
"tests/worklist/arms/mobx/pool/residency-observation.test.ts","34","pool.row('issue', cold, 'mark')","omitGone","test/control"
"tests/worklist/arms/mobx/pool/residency-observation.test.ts","35","pool.row('issue', cold, 'summary')","omitGone","test/control"
"tests/worklist/arms/mobx/pool/residency.test.tsx","376","pool.issue(id!)","here","test/control"
"tests/worklist/arms/mobx/pool/residency.test.tsx","443","pool.issue(a!.id)","here","test/control"
"tests/worklist/arms/mobx/pool/residency.test.tsx","517","pool.issue(closed.id)","here","test/control"
"tests/worklist/arms/mobx/pool/residency.test.tsx","527","pool.row('issue', closed.id, 'peek')","omitGone","test/control"
"tests/worklist/arms/mobx/pool/residency.test.tsx","619","pool.issue(issue.id)","here","test/control"
"tests/worklist/arms/mobx/pool/residency.test.tsx","649","pool.issue(spinOff.id)","here","test/control"
"tests/worklist/arms/mobx/pool/residency.test.tsx","699","pool.row('session', session.sessionId)","omitGone","test/control"
"tests/worklist/arms/mobx/pool/residency.test.tsx","709","pool.row('session', session.sessionId)","omitGone","test/control"
"tests/worklist/arms/mobx/pool/tracking-counts.test.ts","269","pool.issue(id)","here","test/control"
"tests/worklist/arms/mobx/pool/worklist/coexist.test.tsx","147","pool.issue(id)","requireHere","test/control"
"tests/worklist/arms/mobx/pool/worklist/coexist.test.tsx","170","pool.issue(id)","requireHere","test/control"
"tests/worklist/arms/mobx/pool/worklist/rollup.gate.test.ts","70","pool.issue(id)","here","test/control"
"tests/worklist/arms/mobx/pool/worklist/rollup.test.tsx","358","pool.issue(id)","here","test/control"
"tests/worklist/arms/mobx/pool/worklist/rollup.test.tsx","363","pool.issue(id)","here","test/control"
"tests/worklist/arms/mobx/pool/worklist/rollup.test.tsx","516","pool.issue(id)","here","test/control"
"tests/worklist/arms/mobx/pool/worklist/rollup.test.tsx","571","pool.issue(id)","here","test/control"
"tests/worklist/arms/mobx/pool/worklist/rollup.test.tsx","791","pool.issue(id)","here","test/control"
"tests/worklist/arms/mobx/pool/worklist/rollup.test.tsx","802","pool.issue(id)","here","test/control"
"tests/worklist/arms/mobx/pool/worklist/rollup.test.tsx","812","pool.issue(id)","here","test/control"
"tests/worklist/arms/mobx/pool/worklist/visible-awaiting-merge.test.ts","145","handle.pool.issue(id)","here","test/control"
"tests/worklist/arms/mobx/pool/worklist/visible.test.tsx","138","pool.issue(id)","here","test/control"
"tests/worklist/diagnostics/automation-check.ts","31","pool.row('automationCatalog', 'catalog')","omitGone","test/control"
"tests/worklist/diagnostics/input-mechanisms.ts","128","f.pool.row('shellWindow', 'window')","omitGone","test/control"
"tests/worklist/diagnostics/input-mechanisms.ts","132","f.pool.row('shellWindow', 'window')","omitGone","test/control"
"tests/worklist/diagnostics/input-mechanisms.ts","136","f.pool.row('window', 'window')","omitGone","test/control"
"tests/worklist/diagnostics/input-mechanisms.ts","140","f.pool.row('window', 'window')","omitGone","test/control"
"tests/worklist/diagnostics/input-mechanisms.ts","144","f.pool.row('commandWindow', 'window')","omitGone","test/control"
"tests/worklist/diagnostics/input-mechanisms.ts","148","f.pool.row('commandWindow', 'window')","omitGone","test/control"
"tests/worklist/diagnostics/input-mechanisms.ts","152","f.pool.row('mobileSessionWindow', 'window')","omitGone","test/control"
"tests/worklist/diagnostics/input-mechanisms.ts","172","f.pool.row('repo', 'shell-repo')","omitGone","test/control"
"tests/worklist/diagnostics/issue-board-check.ts","115","pool.row('issueBoardModel', JSON.stringify(options))","omitGone","test/control"
"tests/worklist/diagnostics/issue-board-check.ts","116","pool.row('issueBoardCatalog', String(options.display.showAgentTasks))","omitGone","test/control"
"tests/worklist/diagnostics/issue-board-check.ts","127","pool.row('issueBoardRow', id)","omitGone","test/control"
"tests/worklist/diagnostics/issue-board-check.ts","143","pool.row('issueBoardOpenIds', JSON.stringify({ ...options, id: options.openIssueId }))","omitGone","test/control"
"tests/worklist/diagnostics/issue-board-check.ts","160","pool.row('issueBoardModel', JSON.stringify({ ...options, display: { ...options.display, layout: 'list' } }))","omitGone","test/control"
"tests/worklist/diagnostics/issue-page-check.ts","63","issue.row","omitGone","test/control"
"tests/worklist/diagnostics/issue-page-check.ts","120","pool.row('session', sid)","omitGone","test/control"
"tests/worklist/diagnostics/legacy-board-card.ts","35","pool.row('issue', id, 'summary-fields')","omitGone","test/control"
"tests/worklist/diagnostics/legacy-board-card.ts","42","pool.row('repo', repoId)","omitGone","test/control"
"tests/worklist/diagnostics/legacy-board-card.ts","82","pool.row('session', sid, 'summary')","omitGone","test/control"
"tests/worklist/diagnostics/legacy-board-card.ts","93","pool.row('issue', childId, 'summary-fields')","omitGone","test/control"
"tests/worklist/diagnostics/legacy-board-card.ts","99","pool.row('issue', sourceId, 'summary-fields')","omitGone","test/control"
"tests/worklist/diagnostics/legacy-board-card.ts","118","pool.row('session', sid, 'summary')","omitGone","test/control"
"tests/worklist/diagnostics/legacy-board-card.ts","161","pool.row('issue', next, 'summary-fields')","omitGone","test/control"
"tests/worklist/diagnostics/legacy-board-card.ts","186","pool.row('issue', childId, 'summary-fields')","omitGone","test/control"
"tests/worklist/diagnostics/legacy-mobile-tasks.ts","82","pool.row('issueBoardRow', id)","omitGone","test/control"
"tests/worklist/diagnostics/legacy-mobile-tasks.ts","105","pool.row('issueBoardQuery', JSON.stringify(options))","omitGone","test/control"
"tests/worklist/diagnostics/legacy-mobile-tasks.ts","150","pool.row('issueBoardRow', id)","omitGone","test/control"
"tests/worklist/diagnostics/legacy-mobile-tasks.ts","342","pool.row('issue', id, 'summary-fields')","omitGone","test/control"
"tests/worklist/diagnostics/legacy-mobile-tasks.ts","351","pool.row('issue', next, 'summary-fields')","omitGone","test/control"
"tests/worklist/diagnostics/mobile-screens-snapshot.ts","230","pool.row('mobileScreenReader', 'reader')","omitGone","test/control"
"tests/worklist/diagnostics/mobile-task-snapshot.ts","51","this.pool.row('issueBoardRow', id)","omitGone","test/control"
"tests/worklist/diagnostics/mobile-tasks-before.ts","70","this.pool.row('issueBoardQuery', JSON.stringify(options))","omitGone","test/control"
"tests/worklist/diagnostics/mobile-tasks-before.ts","76","this.pool.row('issueBoardPosition', JSON.stringify([id, ordering]))","omitGone","test/control"
"tests/worklist/diagnostics/oracle.ts","181","pool.row('session', id)","omitGone","test/control"
"tests/worklist/diagnostics/preference-check.ts","20","pool.row('preference', key)","omitGone","test/control"
"tests/worklist/diagnostics/settings-check.ts","23","pool.row('settingsCatalog', 'catalog')","omitGone","test/control"
"tests/worklist/diagnostics/settings-check.ts","24","pool.row('settingsWindow', 'window')","omitGone","test/control"
"tests/worklist/diagnostics/settings-check.ts","53","pool.row(entity, id)","omitGone","test/control"
"tests/worklist/diagnostics/sidebar-check.ts","169","pool.row('session', seat)","omitGone","test/control"
"tests/worklist/diagnostics/superagent-check.ts","130","pool.row('session', id)","omitGone","test/control"
"tests/worklist/harness/native/mobx-pool-fence.native.test.tsx","324","pool.issue(other)","here","test/control"
"tests/worklist/harness/src/adapters/mobx-pool.ts","220","pool.issue(id)","here","test/control"
"tests/worklist/harness/src/cold-structures.test.ts","139","pool.issue(id)","here","test/control"
"tests/worklist/harness/src/declared-query-work.test.ts","151","f.pool.row('session', id, 'summary')","omitGone","test/control"
"tests/worklist/harness/src/declared-query-work.test.ts","154","f.pool.row('issue', 'root', 'summary-fields')","omitGone","test/control"
"tests/worklist/harness/src/declared-query-work.test.ts","377","pool!.row('issue', id, 'summary-fields')","omitGone","test/control"
"tests/worklist/harness/src/declared-query-work.test.ts","379","pool!.row('repo', repoId)","omitGone","test/control"
"tests/worklist/harness/src/header-pool.test.ts","196","f.pool.row('hostMetric', first)","omitGone","test/control"
"tests/worklist/harness/src/header-pool.test.ts","200","f.pool.row('hostMetric', second)","omitGone","test/control"
"tests/worklist/harness/src/header-pool.test.ts","226","f.pool.row('hostMetric', first)","omitGone","test/control"
"tests/worklist/harness/src/issue-page-pool.test.ts","285","ctx.pool.row('issue', 'cold-0', 'mark')","omitGone","test/control"
"tests/worklist/harness/src/issue-page-pool.test.ts","331","ctx.pool.row('issue', 'root')","omitGone","test/control"
"tests/worklist/harness/src/issue-page-pool.test.ts","346","ctx.pool.row('issue', 'root')","omitGone","test/control"
"tests/worklist/harness/src/issue-page-pool.test.ts","394","ctx.pool.row('issue', 'root')","omitGone","test/control"
"tests/worklist/harness/src/issue-page-pool.test.ts","397","ctx.pool.row('issue', 'root')","omitGone","test/control"
"tests/worklist/harness/src/issue-page-pool.test.ts","537","ctx.pool.model('issue', 'owner')","requireHere","test/control"
"tests/worklist/harness/src/issue-page-pool.test.ts","642","ctx.pool.row('session', 'born-a', 'mark')","omitGone","test/control"
"tests/worklist/harness/src/issue-page-pool.test.ts","643","ctx.pool.row('session', 'born-a', 'summary')","omitGone","test/control"
"tests/worklist/harness/src/issue-page-relations.test.ts","25","pool.row('issueExit', 'opaque')","omitGone","test/control"
"tests/worklist/harness/src/issue-page-relations.test.ts","27","pool.row('issueExit', 'opaque')","omitGone","test/control"
"tests/worklist/harness/src/issue-page-relations.test.ts","29","pool.row('issueExit', 'opaque')","omitGone","test/control"
"tests/worklist/harness/src/issue-page-relations.test.ts","31","pool.row('issueExit', 'opaque')","omitGone","test/control"
"tests/worklist/harness/src/issue-page-relations.test.ts","36","pool.row('issueExit', 'opaque')","omitGone","test/control"
"tests/worklist/harness/src/loading.test.ts","12","pool.row('preference', 'podium.chat.stickyPrompts')","omitGone","test/control"
"tests/worklist/harness/src/oracle/mission-view-check.test.ts","221","handle.pool.row('issue', other)","omitGone","test/control"
"tests/worklist/harness/src/pool-refusal-recovery.test.ts","21","f.pool.row('issue', f.id)","omitGone","test/control"
"tests/worklist/harness/src/pool-refusal-recovery.test.ts","48","f.pool.row('issue', f.id)","omitGone","test/control"
"tests/worklist/harness/src/pool-relation-collections.test.ts","58","pool.row('issue', 'owner')","omitGone","test/control"
"tests/worklist/harness/src/pool-relation-collections.test.ts","61","pool.model('issue', 'owner')","requireHere","test/control"
"tests/worklist/harness/src/pool-relation-collections.test.ts","63","pool.model('issue', 'owner')","requireHere","test/control"
"tests/worklist/harness/src/pool-screen-work.ts","674","pool.row( 'issueBoardModel', JSON.stringify({ display: { layout: 'board', ordering: 'priority', showAgentTasks: false }, filter: {}, expanded: [], isMobile: false, openIssueId: selected(), now: 0, windowed: true, }), )","omitGone","test/control"
"tests/worklist/harness/src/pool-screen-work.ts","688","pool.row('issueExplorerModel', JSON.stringify({ tab: null, query: '', windowed: true }))","omitGone","test/control"
"tests/worklist/harness/src/pool-screen-work.ts","725","pool.row('preference', 'podium:sidebar:pinned-fold')","omitGone","test/control"
"tests/worklist/harness/src/pool-screen-work.ts","797","pool.row('mobileSettingsDiagnostics', 'diagnostics')","omitGone","test/control"
"tests/worklist/harness/src/pool-screen-work.ts","895","pool.row('issue', ROOT)","omitGone","test/control"
"tests/worklist/harness/src/pool-screen-work.ts","897","pool.row('session', sessionId)","omitGone","test/control"
"tests/worklist/harness/src/pool-screen-work.ts","990","pool.row('issue', ROOT)","omitGone","test/control"
"tests/worklist/harness/src/pool-transactions.test.ts","285","pooled.pool.issue(t.markReadId)","here","test/control"
"tests/worklist/harness/src/pool-transactions.test.ts","287","pooled.pool.issue(t.markReadId)","here","test/control"
"tests/worklist/harness/src/pool-transactions.test.ts","346","pooled.pool.issue(id)","here","test/control"
"tests/worklist/harness/src/pool-transactions.test.ts","351","pooled.pool.issue(id)","here","test/control"
"tests/worklist/harness/src/pool-transactions.test.ts","356","pooled.pool.issue(id)","here","test/control"
"tests/worklist/harness/src/pool-transactions.test.ts","373","pooled.pool.issue(id)","here","test/control"
"tests/worklist/harness/src/pool-transactions.test.ts","374","pooled.pool.issue(id)","here","test/control"
"tests/worklist/harness/src/pool-transactions.test.ts","398","pooled.pool.issue(t.visibleRootId)","here","test/control"
"tests/worklist/harness/src/pool-transactions.test.ts","403","pooled.pool.issue(t.visibleRootId)","here","test/control"
"tests/worklist/harness/src/pool-transactions.test.ts","408","pooled.pool.issue(t.visibleRootId)","here","test/control"
"tests/worklist/harness/src/pool-transactions.test.ts","416","pooled.pool.issue(t.markReadId)","here","test/control"
"tests/worklist/harness/src/pool-transactions.test.ts","437","pooled.pool.row('issue', t.markReadId, 'peek')","omitGone","test/control"
"tests/worklist/harness/src/pool-transactions.test.ts","466","handles.pooled.pool.issue(t.visibleRootId)","here","test/control"
"tests/worklist/harness/src/pool-transactions.test.ts","489","pooled.pool.issue(spawned.issueId)","here","test/control"
"tests/worklist/harness/src/pool-transactions.test.ts","494","pooled.pool.row('session', spawned.sessionId, 'peek')","omitGone","test/control"
"tests/worklist/harness/src/pool-transactions.test.ts","511","pooled.pool.row('session', spawned.sessionId, 'peek')","omitGone","test/control"
"tests/worklist/harness/src/pool-transactions.test.ts","526","pooled.pool.issue(t.visibleRootId)","here","test/control"
"tests/worklist/harness/src/pool-transactions.test.ts","549","pooled.pool.issue(t.evictId)","here","test/control"
"tests/worklist/harness/src/pool-transactions.test.ts","554","pooled.pool.issue(t.visibleRootId)","here","test/control"
"tests/worklist/harness/src/pool-transactions.test.ts","622","pool.issue(id)","here","test/control"
"tests/worklist/harness/src/pool-transactions.test.ts","648","pool.issue(id)","here","test/control"
"tests/worklist/harness/src/pool-transactions.test.ts","688","pooled.pool.issue(t.visibleRootId)","here","test/control"
"tests/worklist/harness/src/pool-transactions.test.ts","726","planted.pool.issue(id)","here","test/control"
"tests/worklist/harness/src/pool-transactions.test.ts","728","planted.pool.issue(id)","here","test/control"
"tests/worklist/harness/src/pool-transactions.test.ts","740","pooled.pool.issue(id)","here","test/control"
"tests/worklist/harness/src/pool-transactions.test.ts","743","pooled.pool.row('issue', id)","omitGone","test/control"
"tests/worklist/harness/src/pool-transactions.test.ts","747","pooled.pool.row('issue', id)","omitGone","test/control"
"tests/worklist/harness/src/pool-transactions.test.ts","749","pooled.pool.row('issue', id)","omitGone","test/control"
"tests/worklist/harness/src/pool-transactions.test.ts","753","pooled.pool.row('issue', id)","omitGone","test/control"
"tests/worklist/harness/src/pool-transactions.test.ts","759","pooled.pool.issue(id)","here","test/control"
"tests/worklist/harness/src/pool-transactions.test.ts","783","pool.issue(id)","here","test/control"
"tests/worklist/harness/src/pool-transactions.test.ts","810","pool.issue(id)","here","test/control"
"tests/worklist/harness/src/refusal-fixture.ts","40","pool.row('issue', id)","omitGone","test/control"
"tests/worklist/harness/src/runtime-pool.test.ts","88","pool.row('issue', id)","omitGone","test/control"
"tests/worklist/harness/src/runtime-pool.test.ts","89","pool.row('issue', id)","omitGone","test/control"
"tests/worklist/harness/src/runtime-pool.test.ts","120","handle.pool.row('session', id)","omitGone","test/control"
"tests/worklist/harness/src/runtime-pool.test.ts","127","handle.pool.row('session', id)","omitGone","test/control"
"tests/worklist/harness/src/runtime-pool.test.ts","130","handle.pool.row('session', id)","omitGone","test/control"
"tests/worklist/harness/src/startup/no-wrong-number.ts","177","pool.issue(id)","omitGone","test/control"
"tests/worklist/harness/src/work-meter.test.ts","216","pool.row(model.entity, model.id)","omitGone","test/control"
"tests/worklist/harness/src/work-meter.test.ts","260","this.host.row('issue', this.items[index]!)","explicit branch / assertion / demand","test/control"
"tests/worklist/harness/src/work-meter.test.ts","269","this.pool.row('issue', this.items[index]!)","omitGone","test/control"
"tests/worklist/harness/src/work-meter.test.ts","286","pool.row('issue', 'constant')","omitGone","test/control"
"tests/worklist/harness/src/work-meter.test.ts","332","pool.row('issue', 'view')","omitGone","test/control"
"tests/worklist/harness/src/work-meter.test.ts","456","pool.row('issue', id)","omitGone","test/control"
"tests/worklist/harness/src/work-meter.test.ts","520","pool.row('issue', 'i1')","omitGone","test/control"
"tests/worklist/harness/src/work-meter.test.ts","521","pool.row('issue', 'i1', 'summary')","omitGone","test/control"
"tests/worklist/harness/src/work-meter.test.ts","522","pool.row('issue', 'missing')","omitGone","test/control"
"tests/worklist/harness/src/work-meter.test.ts","526","pool.row('issue', 'i1')","omitGone","test/control"
"tests/worklist/harness/src/work-meter.test.ts","539","pool.row('issue', 'i1')","omitGone","test/control"
"tests/worklist/harness/src/worklist-view-model.test.tsx","60","handle.pool.model('issue', id)","requireHere","test/control"
"tests/worklist/harness/src/worklist-view-model.test.tsx","79","session.row","requireHere","test/control"
